Neighborhood,Postal Code,Fire Hazard Severity,Air Quality Impact (%),Economic Damage (%),Death Rate (%),Injured Rate (%),Vegetation Loss (%),Acres Lost,Lives Saved,Emergency Response Time (min),Infrastructure Damage (%),Evacuation Centers Available,Relief Funds Allocated (USD),Firefighting Resources Deployed,Water Supply Impact (%),Power Outage Duration (hours),Medical Facilities Affected,Schools/Colleges Closed,Wildlife Impact (%),Volunteer Count,Insurance Claims (USD),Mental Health Cases Reported,Relocation Count,Date,Time,Wind Speed (mph),Temperature (Â°F),Humidity (%),Fire Station Proximity (miles),Ambulance Response Time (minutes),Population Density (per sq mile),Percentage of Elderly Residents (%),Estimated Recovery Time (days),Rebuilding Costs (USD)
Pacific Palisades,90272,Very High,85,80,1.2,2.5,60,7370,4689,50,22,1,808061,45,60,176,10,5,58,224,117796,24,9435,2025-02-05,15:44,16.2,81.7,44.3,8.4,22.1,4850,29.1,350,335622
Bel Air,90077,Very High,90,85,1.5,3,75,960,1659,57,53,15,704397,43,38,189,6,11,47,64,81500,26,9535,2025-07-11,21:18,33.5,79.9,26.8,0.9,14.8,18073,19,340,964313
Brentwood,90049,High,70,60,0.8,1.8,40,5490,2280,42,49,2,265533,18,52,147,2,11,69,93,57748,31,7302,2025-11-08,00:07,27,90.8,56.2,6.2,9.9,14564,28.4,330,908286
Topanga,90290,Very High,88,75,1.3,2.7,70,5291,1075,42,58,3,327932,8,46,128,2,5,57,441,61459,40,520,2025-03-21,19:14,23,91.8,21.2,2.7,22.4,6078,6.3,242,930662
Malibu,90265,Very High,95,90,1.7,3.5,85,5834,4235,20,70,13,429994,7,16,122,6,12,55,334,168314,20,7975,2025-11-19,04:31,9.7,62.3,29.4,1.6,13.9,13168,15.5,91,397860
Sherman Oaks,91423,High,65,55,0.7,1.6,35,6365,135,29,10,4,967764,21,13,89,8,7,12,50,31242,48,2235,2025-10-10,05:35,9.7,78.7,35.5,1.2,15.3,6448,11.5,78,717540
Studio City,91604,High,60,50,0.5,1.2,30,566,1849,20,65,5,449051,49,48,179,9,6,20,158,42673,6,3150,2025-05-04,17:29,6.7,91.3,40.5,7.1,12.2,18563,23.3,156,148538
Griffith Park,90027,High,72,65,0.9,1.9,45,4526,667,30,35,9,50335,37,45,184,2,1,69,166,90474,30,277,2025-12-10,16:07,31,85.2,24.5,3.7,16.9,10074,29.5,252,589660
Laurel Canyon,90046,Very High,80,70,1,2.1,55,5678,2635,46,79,16,865989,31,53,80,9,12,26,386,92001,34,7806,2025-06-08,13:06,23,102.8,16.9,7.4,8.3,7406,11.4,308,866228
Mount Washington,90065,High,75,60,0.6,1.4,40,8422,4203,56,23,12,740855,23,67,45,4,6,15,325,79755,50,2864,2025-06-18,03:23,26.2,92.9,46.6,1.1,12.8,9800,21.4,323,561511
Silver Lake,90039,Moderate,50,40,0.3,0.9,20,1785,4145,56,21,20,907379,10,19,52,1,4,32,69,128123,18,1049,2025-04-17,19:07,5.6,68.1,27.3,3.5,24.4,15083,10,313,271035
Elysian Park,90012,Moderate,55,45,0.4,1,25,869,4316,20,43,10,136290,31,56,185,4,6,13,214,186928,29,9801,2025-01-10,23:08,34.1,63.5,44.9,5.6,10.2,2638,19.1,306,935258
Hollywood Hills,90046,Very High,88,78,1.1,2.3,68,7049,1306,27,57,10,937106,45,25,35,8,11,60,358,16908,40,863,2025-05-27,02:57,30,92.1,19.3,8,18.1,11340,16.6,136,432736
Echo Park,90026,High,70,65,0.8,1.7,50,2533,4382,25,47,14,805111,41,58,209,5,3,26,123,57752,21,9516,2025-02-12,23:49,11.4,61.3,38.9,3.5,11.5,2382,29.3,175,405779
Westwood,90024,Moderate,45,35,0.4,0.9,15,5411,4503,47,86,13,242635,5,12,51,5,9,55,126,194331,26,419,2025-03-19,06:52,10.5,89.3,42,6.4,20.5,2403,20.2,128,685310
Venice,90291,Moderate,50,40,0.5,1,25,5151,1109,14,77,13,547356,35,33,186,10,3,65,431,115886,39,9369,2025-04-11,13:19,10.5,107,13.1,8.9,7.6,10011,13.7,102,628328
Downtown LA,90013,Moderate,40,30,0.3,0.8,18,6520,1459,28,41,13,799285,27,24,108,6,2,17,306,132671,25,658,2025-07-19,13:21,14.1,88.8,30.2,6.4,24.4,4292,7.9,151,911789
Koreatown,90005,High,60,55,0.6,1.2,35,1284,3281,12,15,19,864384,8,75,96,9,13,17,408,198613,11,1547,2025-03-02,13:33,20.7,79.4,18.1,2.7,14.1,10011,8.8,59,776728
West Adams,90016,High,65,60,0.7,1.5,40,4655,2825,47,12,20,106416,19,54,27,8,3,54,365,91612,1,7027,2025-02-23,07:04,18,92.2,13.8,0.7,9.7,1419,10.6,217,652644
Pico-Union,90015,High,70,65,0.8,1.7,45,3485,1119,57,51,20,968734,45,66,179,0,3,70,174,44673,48,3880,2025-07-28,05:13,13.7,82.9,69.4,8.8,6.5,13411,11.3,317,328355
Chinatown,90012,Moderate,55,50,0.5,1,30,6496,3353,18,23,17,582224,26,42,17,1,3,23,221,101647,6,6390,2025-02-13,00:20,23.4,87.3,29.3,0.7,8.4,5517,26.3,224,417570
Exposition Park,90007,Moderate,60,55,0.6,1.3,35,8766,2227,46,85,15,163725,33,25,240,8,8,61,80,10523,2,7320,2025-06-20,22:36,9.2,107.1,58.6,8.8,15.4,16422,19,185,317986
Van Nuys,91405,High,60,50,0.5,1.2,30,9374,4878,53,30,14,223609,28,45,216,7,2,37,96,50941,38,8608,2025-07-10,21:57,13.8,79.3,25.3,5.5,11.7,10700,18.1,201,506331
North Hollywood,91601,Moderate,50,40,0.3,1,20,2658,98,52,60,17,339253,5,65,202,10,6,59,242,135912,19,6910,2025-04-08,11:16,16,108.1,50.9,9.4,21.6,6693,7.9,364,903284
Burbank,91502,Moderate,45,35,0.2,0.8,18,7949,539,56,88,3,630749,21,34,189,6,11,11,420,91574,8,7145,2025-04-08,20:28,18.7,105.3,55.6,8.1,13.6,1767,26.5,70,437881
Pasadena,91101,High,65,60,0.6,1.4,35,2147,1129,44,10,17,285063,6,11,205,4,11,35,269,158496,41,668,2025-02-02,23:02,28.6,69.8,45.7,10,10,19428,23.1,92,358112
Santa Monica,90401,Moderate,40,30,0.2,0.9,15,2847,3957,19,75,1,589534,37,45,32,7,13,61,366,133378,34,1258,2025-04-03,00:47,11,63.5,38.3,3.8,17.3,15818,6.7,52,853940
Culver City,90232,Moderate,35,25,0.1,0.5,12,9267,4087,45,53,17,408080,40,40,2,8,7,16,296,178544,29,3505,2025-05-24,07:04,20.4,65,34.7,7.8,19.1,2549,22.7,104,203077
Inglewood,90301,Moderate,38,28,0.2,0.6,14,289,3249,47,84,3,109021,24,62,9,6,10,44,74,98642,29,2604,2025-11-21,09:13,22.8,60.9,30.9,4.3,8.3,10956,18.6,77,104575
Long Beach,90802,Moderate,42,32,0.3,0.8,18,2834,4938,56,64,6,626863,44,53,47,1,9,17,194,40986,50,1255,2025-10-22,05:29,6.4,64.7,65.8,5.1,8.4,7140,7,189,523958
Torrance,90503,High,55,50,0.5,1,30,3105,1634,39,40,17,351848,30,19,104,1,7,65,477,197217,15,492,2025-10-19,14:54,23.2,94.2,59.8,6.5,5.7,11837,16.5,342,724331
Compton,90220,High,70,65,0.7,1.5,40,4758,1203,32,58,7,341066,17,41,34,10,12,53,13,74406,49,5173,2025-01-25,14:14,10.1,63.6,67.9,8.8,19.7,4716,17.1,147,468815
El Segundo,90245,Moderate,30,22,0.1,0.4,10,1999,1966,40,63,19,601516,47,71,44,2,4,31,213,166950,25,4296,2025-03-23,00:48,7,75.9,17.5,9.8,18.3,5481,9.1,129,530808
Hawthorne,90250,Moderate,28,20,0.1,0.3,8,7834,794,34,17,14,987523,20,72,224,5,13,42,445,82465,20,9756,2025-10-19,07:55,33.5,102.2,53.9,7.8,14.5,7548,28.6,196,641202
Carson,90745,Moderate,32,25,0.2,0.5,12,1367,4219,17,20,18,908976,32,23,43,9,5,49,394,186631,19,6505,2025-07-23,12:40,34,61.2,66.3,4.5,21.9,19677,26.2,319,823422
West Hollywood,90069,Moderate,40,30,0.2,0.6,15,1628,1798,18,13,5,881669,46,44,78,10,14,11,284,107047,41,1231,2025-09-16,03:59,29.3,100.7,20.9,4.5,21.1,5837,21.7,185,641343
Beverly Hills,90210,Moderate,35,28,0.1,0.4,10,3656,2267,32,88,16,850312,20,70,140,9,0,12,305,122387,29,8299,2025-12-28,23:39,14.1,74.1,14,7.5,16.7,8758,16.6,36,661985
Atwater Village,90039,Moderate,50,40,0.3,0.9,20,3990,578,7,87,11,574586,11,21,228,9,12,38,353,23456,43,9618,2025-02-25,04:37,7.9,65.9,54.5,2.8,22.4,11900,15.3,225,680527
Los Feliz,90027,Moderate,35,35,0.2,0.7,15,8938,4522,39,17,14,803972,28,79,63,2,12,38,458,134725,42,6536,2025-06-15,01:00,25.5,94.8,44.5,1.5,9.1,8993,21.3,85,285469
Mar Vista,90066,High,40,30,0.2,0.8,18,5493,3968,44,52,11,179069,30,16,144,8,14,39,338,136293,7,6860,2025-08-22,22:14,18.2,91.4,60.5,3.9,7.2,6542,18.6,350,173106
Playa del Rey,90293,High,65,55,0.7,1.5,35,8892,4775,17,50,14,370644,43,44,87,4,1,35,380,84190,3,3392,2025-11-12,00:31,8.7,103.9,18.4,3.2,10.4,15828,6.6,222,841787
San Pedro,90731,Moderate,70,60,0.8,1.6,40,8533,2250,56,20,14,562047,20,40,205,7,12,49,278,82451,20,7863,2025-05-22,15:09,19.9,96.8,57.7,3.3,6.1,17052,17.8,76,890552
Wilmington,90744,High,50,40,0.4,0.8,28,7613,401,48,18,10,367024,17,56,68,0,12,44,28,97560,6,7789,2025-07-17,22:42,6,100.2,22.1,2.7,15.6,3385,25.2,177,517835
Watts,93230,Very High,49,62,2.07,3.42,66,9397,249,48,43,17,873234,12,44,86,3,6,52,291,51501,16,2248,2025-12-21,21:01,32.3,74.1,19.8,0.9,23.7,15308,16.5,304,350486
Westwood,94201,Moderate,64,32,0.7,3.22,66,16375,2619,28,20,12,680528,43,8,68,5,0,59,462,194409,25,7865,2025-03-25,15:29,12.8,68.9,19.9,0.7,5.8,1671,6.3,186,52257
Porter Ranch,99535,Moderate,44,28,2.27,3.09,74,17013,2641,26,55,8,330083,45,35,197,3,15,39,243,157421,5,2693,2025-03-10,19:27,24.9,97.5,58.9,9.9,7.4,1163,24.7,231,339508
Porter Ranch,97411,Very High,62,25,0.37,3.48,58,6669,3550,52,69,16,428347,40,43,160,1,12,53,277,14326,44,4311,2025-06-13,21:40,14.4,100.3,49.9,4.6,14,9656,10,155,730332
Harvard Park,91235,Very High,68,69,1.56,2.16,22,17020,1966,43,65,13,300026,42,13,145,7,13,43,463,41392,34,4516,2025-09-09,22:41,20.6,109.5,41.4,4.2,23.7,12234,11.5,334,161715
Valley Village,99127,Moderate,35,49,0.38,1.42,67,2411,3771,11,78,6,638045,27,73,120,10,14,35,185,18504,5,8113,2025-01-14,12:04,21.4,80.6,31.5,7,11.3,5795,9.1,323,76654
North Hollywood,99547,High,41,76,0.73,3.5,65,15799,3272,47,45,5,249089,26,6,224,10,8,40,265,161133,34,4861,2025-02-04,09:54,10.5,78.6,62.6,2.6,15.1,11634,13.3,93,786129
North Hills,96892,Moderate,77,33,0.54,2.78,38,16863,146,38,60,8,501076,42,34,235,2,7,43,498,136281,16,4427,2025-09-06,05:28,34.1,98.8,33.5,9.5,5.8,5798,23.9,354,393567
Woodland Hills,95823,High,38,68,2.31,4.7,66,17421,1347,18,30,20,131508,42,40,182,2,12,64,43,90577,18,6310,2025-04-12,14:32,28.3,77,59,8,8,19739,18,205,341464
Westwood,99544,Very High,66,51,0.58,2.6,39,5170,526,48,42,11,685390,36,30,21,8,15,18,79,21937,27,1040,2025-09-27,20:21,33.2,106.5,36.3,1.3,24.7,11749,10.1,145,595096
Adams-Normandie,96186,High,37,89,2.11,0.68,21,10854,1487,10,42,10,534193,14,10,24,0,3,19,258,30633,39,4812,2025-06-20,05:27,31.8,102.9,32.6,4.5,24.3,6827,26.9,233,626677
Van Nuys,91472,Moderate,67,74,2.16,2.94,12,17941,3808,17,34,9,473752,32,69,101,10,15,38,382,181376,1,6404,2025-05-04,01:44,22.9,81.4,37.8,8.9,5.1,5719,27,350,538906
Van Nuys,94905,Moderate,62,30,1.57,1.45,10,16474,1932,15,70,14,575992,39,73,200,1,6,55,42,158045,22,2430,2025-06-23,13:01,32.7,97.5,28.1,9.5,24,1593,26.8,60,168581
Toluca Woods,91042,Very High,88,83,0.85,4.88,11,14796,4707,39,40,5,822907,50,67,91,3,11,21,81,75007,6,7531,2025-01-05,15:53,7.7,97.7,54.9,4.9,17.8,8394,11,142,177927
Studio City,98816,High,30,23,0.75,4.95,45,9020,3326,44,39,3,115537,28,36,154,4,11,42,125,111339,37,7350,2025-11-25,00:37,10.9,65.2,40.2,6.3,22.4,15056,16.3,354,84773
Historic West Adams,94961,High,51,88,2,4.4,22,13425,1120,39,63,18,810185,32,54,222,3,11,45,294,86313,47,8961,2025-09-21,13:55,6.4,105.1,23.9,2.1,14.1,11636,29.6,96,756528
Harvard Park,93081,Very High,37,65,1.12,0.66,55,13262,303,56,39,8,501200,42,29,184,8,14,21,119,113160,26,4259,2025-02-11,11:21,14.8,85.3,64,9.9,15.3,1016,24.3,104,470963
Studio City,96959,Moderate,94,81,0.95,2.48,32,19095,1545,19,48,5,152564,50,65,232,7,8,61,224,97288,1,3171,2025-01-31,19:51,16.7,101.3,33,2.7,14.8,4191,5.7,74,388540
Hollywood Dell,96225,Very High,86,66,2.43,0.58,30,12058,3409,48,26,16,922268,47,16,237,9,13,21,159,117881,39,2187,2025-09-07,00:06,13.1,76,42.6,9.5,18.3,1392,6.6,289,551590
Valley Village,96031,Moderate,84,35,1.31,1.2,79,17024,1582,25,29,4,116459,44,39,83,0,0,42,369,194569,12,5252,2025-04-10,12:52,29.9,104.8,64.4,6.7,7.8,7272,16.6,183,419836
Harbor Gateway,92694,High,67,59,0.58,3.26,29,15727,3756,56,72,12,945158,14,78,3,4,1,56,249,185649,17,9927,2025-12-27,00:53,15.7,79.5,47.5,6.3,5.6,17955,27.7,184,264764
North Hills,92002,Moderate,87,85,0.42,1.69,22,6025,2319,6,23,12,256522,14,71,126,5,10,54,32,45690,46,9495,2025-01-07,11:47,13.4,60.5,17,5.4,11.2,4631,18.5,263,631793
Gramercy Park,94813,Very High,76,21,1.13,3.97,49,4056,4876,48,90,10,484043,29,33,75,3,14,66,472,93672,14,3037,2025-05-14,14:49,21.3,105.3,66.4,2.7,19.1,7172,17.4,80,922328
Adams-Normandie,94412,Moderate,45,60,2.38,2.76,23,7709,4074,24,59,17,543693,23,67,33,9,12,68,280,81464,38,661,2025-01-25,01:29,9.2,64.6,47.7,2.2,9,10312,7.6,335,592423
Westwood,97392,Very High,83,65,2.06,2.9,79,8111,3828,37,42,3,972751,48,67,67,8,13,10,467,10426,0,7819,2025-02-06,04:16,29.1,76,30.1,2.6,18.5,19663,21.4,291,665175
Vermont Vista,90782,Very High,33,37,1.09,1.2,67,1769,2110,12,25,11,705746,7,76,48,1,10,20,68,70067,2,4046,2025-12-17,23:10,7.2,107.5,18.4,2.3,24.4,9906,25.6,344,172118
Woodland Hills,99192,High,85,90,2.01,2.2,74,19279,1354,34,83,5,427603,23,61,41,7,15,33,278,155077,8,1984,2025-06-18,03:06,34.6,107.5,57.6,7.9,6.9,18159,14.5,154,359521
Beverly Crest,98541,Moderate,72,22,2.18,4.35,12,13741,4382,18,37,14,506342,27,14,58,8,15,26,443,55187,20,7293,2025-10-23,20:35,28.2,88.7,47.2,3.8,18.5,19631,24.4,274,204626
North Hills,98846,Moderate,30,21,2.19,4.1,12,11857,353,9,46,16,110182,43,7,177,6,4,31,361,114080,38,7487,2025-05-19,18:01,11,91.6,42,1,13.9,17462,29.1,59,898923
Studio City,98356,High,36,22,1.47,4.06,37,18873,1938,9,89,12,538444,11,71,134,3,3,15,468,50070,3,9645,2025-12-10,07:26,5.2,82.4,63.6,9.7,22.4,9080,10.1,151,295739
Van Nuys,98059,High,41,64,1.64,2.32,77,7205,1745,32,67,15,486403,42,26,222,3,2,29,117,29598,26,147,2025-11-27,03:48,29.5,74.7,57.3,8.9,8.5,8099,18.1,154,894715
Toluca Woods,98666,High,91,87,0.91,2.24,46,1505,985,36,30,6,419397,48,78,216,4,0,10,147,15838,1,5883,2025-02-12,05:59,26.2,76.4,19.1,9.3,18.9,15916,12.2,66,528356
Mission Hills,93236,High,73,81,1.21,2.91,50,3236,890,27,21,11,254630,20,28,153,7,1,51,81,52277,3,5436,2025-05-07,18:05,26.9,93.6,28.7,10,21.8,8083,24.8,199,329067
Silver Triangle,92626,Very High,65,21,1.82,2.5,73,14587,1428,53,30,7,739264,38,9,172,5,10,55,299,140271,27,7200,2025-12-08,21:21,28.1,97.6,24.9,2.2,23.9,10223,19.4,153,359735
Harvard Park,97787,Moderate,47,26,2.21,4.5,78,19941,2908,20,63,9,427157,42,16,7,9,11,29,75,129387,44,9929,2025-08-31,18:26,7.2,99.6,54.6,4.3,18.7,5940,20.9,64,636549
Angel Gate,90041,High,86,58,2.17,1.13,12,8335,2214,31,40,5,906207,49,73,164,4,13,32,86,62340,10,2587,2025-08-01,03:33,15.8,99.5,12,7.7,14.9,4456,24.9,116,366480
Windsor Hills,92832,High,38,73,0.92,3.09,18,8620,3178,37,42,18,411726,6,25,144,2,9,50,407,185784,30,2693,2025-02-19,01:07,8.5,64.6,44.2,7.1,17.4,8788,14.9,163,386227
Northridge,98866,Moderate,84,34,0.12,2.86,79,13732,1258,25,86,5,247398,34,37,26,9,9,50,11,28087,15,1563,2025-10-10,22:19,30.9,84.7,55.7,2,22.4,3711,27.9,225,635236
Bunker Hill,96619,High,57,47,1.81,2.36,67,9660,1924,44,64,8,554308,27,39,1,1,14,45,219,90058,32,8557,2025-06-22,09:58,23.7,62.9,62.6,8.3,16.4,12280,18.3,303,290891
Woodland Hills,94925,Very High,44,83,1.2,0.89,47,7092,3265,10,34,20,602042,36,58,97,2,7,64,143,13855,28,1874,2025-03-22,14:15,14.9,87.5,30.5,2.6,5.6,19052,8.9,230,214074
Downtown LA,99720,High,86,47,1.94,1.29,21,643,1575,24,64,3,385138,20,24,20,4,7,21,417,15416,4,3630,2025-07-16,00:03,6.9,82.1,59.3,2.6,23.6,17531,22.4,314,523314
Windsor Hills,96717,Very High,95,36,2.45,0.67,48,12765,402,49,71,5,325208,47,66,182,3,11,11,190,162474,5,8450,2025-07-19,05:39,14.3,104.4,16.6,5.6,18.8,13089,24.8,106,559452
Silver Triangle,95985,Very High,53,36,1.01,1.79,70,1907,4115,34,89,6,336201,32,25,110,8,3,19,248,58624,15,7834,2025-02-17,23:43,14.8,77.5,60.8,6.1,18.5,11142,12.9,88,338816
Silver Triangle,91316,High,64,76,1.82,2.61,14,7961,4320,10,10,16,990784,20,62,89,3,7,14,137,157442,1,1943,2025-10-17,16:35,26.9,65.9,17.6,6,9.3,17749,26.4,155,840645
Figueroa Terrace,90195,Very High,94,65,0.82,1.57,63,6982,3630,21,88,13,93408,40,56,27,5,9,61,33,170926,44,7329,2025-08-15,00:55,24.1,67.1,33.8,1.4,18.2,16587,27.7,138,191365
Harbor Gateway,95791,Very High,52,75,2.45,0.56,64,8755,2496,53,11,10,981905,42,23,142,6,12,25,57,106385,24,2618,2025-12-21,12:30,31.6,98.1,57.8,8.8,12.9,10866,11.9,253,499076
Pico-Union,93691,Very High,87,84,0.48,4.35,42,17896,1943,46,72,9,991908,19,25,62,1,4,20,228,166986,49,9747,2025-01-21,18:05,19.2,90.9,19,3,18,5531,29.6,307,112507
Beverly Grove,98615,Very High,79,68,0.31,1.79,27,9804,3413,27,21,20,702428,50,63,202,9,4,63,384,56006,45,3620,2025-11-15,04:48,8.6,65.1,23.8,1.7,7.1,13686,8.5,97,107134
Mission Hills,95699,Moderate,47,36,1.62,3.57,60,9267,3454,6,65,13,286898,38,7,3,9,5,24,394,90833,43,9724,2025-06-30,22:29,26.4,64.2,53.3,8.9,18.2,6330,10.1,98,183172
Historic West Adams,91727,Very High,48,31,0.4,1.28,30,10328,822,39,65,15,146731,26,22,203,2,6,21,29,145884,31,6251,2025-07-11,03:35,27.8,95,53.2,9.6,25,6510,9.6,194,291225
Porter Ranch,92320,Very High,86,77,0.68,4.93,50,1278,1096,24,89,18,178628,13,49,205,8,11,43,436,14025,25,5475,2025-11-16,04:16,21.8,63.6,48.5,8.7,6,9964,27.3,334,243069
Vermont Vista,93993,Moderate,42,54,1.5,2.4,78,19578,498,56,14,9,182150,39,38,166,1,1,17,59,84684,16,1673,2025-05-03,12:40,28.1,101.1,51.6,8.2,24.5,7493,21.4,191,864604
North University Park,95805,Very High,60,34,0.14,2.78,56,16480,1633,12,29,13,687686,18,24,217,2,1,44,297,188483,14,3265,2025-02-01,14:57,19.8,95.3,42.6,6.7,13.1,11759,8.8,338,856564
Studio City,98453,High,82,86,1.56,1.21,70,9520,3958,49,65,11,588865,6,79,130,5,7,24,24,178089,10,6887,2025-03-03,23:35,20.7,64.1,25.1,5.7,22.4,6439,16,71,823221
Winnetka,95085,Moderate,87,56,0.22,4.74,32,15502,886,49,78,5,240839,39,37,124,1,3,45,161,129591,9,3491,2025-11-14,01:11,17.8,64.2,30.7,1.3,20.6,15473,20.4,138,854631
Porter Ranch,91783,High,63,51,0.98,1.2,10,6524,439,13,84,19,442969,38,37,148,3,4,59,150,133454,24,2712,2025-05-08,15:27,5.8,109.3,20.9,4.4,16.3,10765,7.1,80,610897
Westwood,93465,Very High,40,69,0.81,3.38,52,19074,4067,18,84,6,903261,23,26,145,8,0,52,105,40063,38,2729,2025-09-04,08:34,8.2,78.7,64.5,4,19.8,14279,27.1,279,224037
Lafayette Square,94913,Very High,31,51,1.29,0.89,78,13651,4654,22,46,4,744290,45,68,92,2,13,16,459,167496,26,4103,2025-07-31,02:14,5.9,78.5,45,3,22.6,7511,25.1,50,713376
Playa del Rey,97289,Moderate,59,44,0.56,4.44,17,6275,3071,30,27,15,984009,23,48,36,2,15,44,126,33223,48,4453,2025-12-15,08:18,24.1,100.6,34.1,7.4,13.1,12483,17.6,329,482995
Toluca Woods,95589,Moderate,90,40,1.95,4.3,63,17778,569,36,66,16,339908,43,5,175,1,7,69,97,173608,38,8683,2025-03-05,15:34,14.4,107.4,37.7,5.2,11.5,18630,29.2,168,546013
Arlington Heights,95102,Moderate,73,41,0.49,2.27,41,13039,4764,7,62,5,525708,39,7,215,9,0,56,375,56983,15,9301,2025-07-08,16:56,20.3,109.3,66.8,1.3,18.4,3376,15.4,353,344025
Arlington Heights,90593,High,45,47,0.2,3.77,20,1642,2364,40,44,11,411370,35,23,178,0,6,47,117,145958,18,6206,2025-04-11,17:46,32.2,97.7,19.2,2.6,21.2,12824,29.6,121,787954
Harvard Park,90304,Very High,82,26,0.47,2.38,58,12366,2936,36,74,1,413623,27,25,110,0,11,51,303,104104,14,6770,2025-08-07,09:20,12.5,78.8,45.2,7,20.2,19211,21.7,309,860904
Angelus Vista,93260,High,74,34,2.37,3.62,49,10633,4131,15,80,8,860194,18,21,161,8,11,43,295,113740,16,9957,2025-05-15,12:31,17.3,64.2,40.4,1.2,21,7979,20.9,154,550098
Lafayette Square,98489,High,45,89,0.34,4.44,10,2164,3360,60,56,15,764511,19,61,10,1,5,64,112,17571,8,415,2025-11-10,08:15,27.7,98.9,46.7,8.6,13.7,10832,9.1,140,757173
Angelus Vista,98315,Moderate,66,51,2.43,0.87,75,6395,397,17,62,13,399747,50,14,51,5,7,52,400,57966,29,8039,2025-09-17,23:37,11.9,87.9,11.1,5.2,21.4,13504,27,168,805728
North Hollywood,96605,Very High,76,84,1.86,4.35,15,3395,3199,60,28,1,911228,14,20,220,3,4,59,194,14884,28,6853,2025-05-26,09:06,7.3,81.2,62.3,5.1,7.4,7910,15.7,302,307803
Los Angeles Heights,98777,High,46,36,0.88,3.93,44,13641,1157,32,70,15,336147,28,13,234,6,9,48,220,170343,39,8816,2025-01-01,20:29,13.7,105.3,65.9,6.1,15.9,15089,9.1,128,741381
Valley Village,91994,Very High,60,74,2.09,4.32,41,3413,1920,9,61,11,329567,15,43,41,9,10,14,401,123902,4,1614,2025-10-14,18:09,9.8,65.6,43.9,8.3,5.1,3196,5.3,281,366275
Mar Vista,96765,High,79,54,1.47,1.46,69,15280,4063,47,41,19,241305,40,80,157,5,5,58,326,171829,45,3140,2025-08-14,14:01,32.9,84.6,51.8,3.8,11.5,6978,19,133,729447
Morningside Park,90706,Moderate,79,23,0.48,1.72,59,14705,1961,7,28,7,114390,49,25,32,7,5,43,176,34898,6,6741,2025-08-06,23:43,29.2,60.6,65.3,6.9,12.3,18153,18.2,243,62828
Koreatown,93974,High,67,29,2.12,4.18,54,12956,1187,28,50,18,276731,32,22,207,0,13,22,348,151014,44,7532,2025-05-25,23:07,24,83.4,52.4,5.9,12.9,1780,23,278,933096
North Hollywood,94000,High,77,64,1.79,2.5,55,19128,612,37,80,13,519085,8,20,150,5,8,17,479,180258,6,2345,2025-11-30,17:24,31.1,62.8,19.2,3,18.9,10908,27.3,181,566835
North University Park,98040,Moderate,58,35,1.59,0.66,22,222,2507,29,66,9,451136,24,24,197,3,13,69,428,100255,26,9396,2025-05-04,04:40,29.1,65.9,44.6,8.8,12.8,7303,7,279,706761
Valley Village,93810,High,49,59,2.19,4.51,18,10248,3700,5,39,7,259301,7,10,60,0,0,41,276,31185,49,6859,2025-10-10,13:58,10.6,65.9,46.4,8.1,14,15686,23.3,304,851625
Gramercy Park,98191,Moderate,45,76,1.77,4.02,33,2602,4534,20,20,17,455415,40,41,72,2,14,34,434,79680,22,3911,2025-12-06,18:37,31.8,92.5,35.4,6.8,9.8,4983,9.7,194,273461
Mission Hills,93620,Moderate,39,85,2.08,1.78,76,19747,4994,25,56,9,894309,15,69,87,6,11,34,403,101235,39,6397,2025-09-30,17:12,21.2,97.3,54.2,8.6,12.5,10503,26.5,37,488080
Bunker Hill,91795,Very High,51,89,1.06,0.52,65,10614,356,42,73,4,881236,24,25,153,0,1,31,352,152385,43,2249,2025-01-15,01:02,29.2,89.2,66.1,8.7,9.5,17905,25.5,313,463523
Woodland Hills,96394,High,92,47,1.21,2.02,29,2955,3372,30,56,11,885758,43,15,117,3,14,38,376,110022,3,186,2025-10-27,01:43,31.9,108.1,65.5,7.2,6.5,14070,18.5,34,414662
Jefferson,93373,Very High,68,60,1.14,0.69,16,10625,505,45,35,19,67273,17,11,25,8,11,60,132,178655,29,6703,2025-10-15,01:46,14.5,78.7,37.1,8.5,17.1,13232,22.8,174,331755
Playa del Rey,93288,High,55,67,1.17,3.5,42,4527,4929,43,84,20,295438,6,38,28,2,7,63,97,33655,8,3364,2025-01-27,18:01,8.3,74.3,16.8,7.1,18.4,5583,12.9,130,749151
Van Nuys,96821,Moderate,53,70,0.43,2.92,39,19616,116,27,50,12,636463,18,5,221,8,6,22,354,155661,7,7311,2025-05-28,03:18,11.8,103.4,69.1,7,17.4,6946,16.8,193,979454
Wrigley,90124,Moderate,36,77,0.61,1.62,47,16114,4630,55,80,6,267287,31,15,112,5,10,23,387,133967,34,4042,2025-06-30,05:35,17.8,71.2,60.3,6.4,14.3,17377,25.5,176,388384
Pico-Union,93156,High,50,35,2.2,3.83,67,1298,4181,53,23,9,218505,50,78,11,8,5,36,245,41880,2,6917,2025-10-30,13:58,29.5,108.2,17.5,7.7,12.6,8128,16.5,93,289719
Angelus Vista,99792,Moderate,64,23,0.49,4.69,62,11465,3017,33,54,20,865130,46,6,157,8,12,25,310,144945,7,5808,2025-12-18,16:35,30.8,60.6,65.3,2,22.3,12889,13.9,120,782763
Jefferson,90790,Moderate,53,78,0.86,1.6,78,15393,3655,37,16,4,351477,32,48,49,6,5,61,207,60481,6,1410,2025-02-09,14:29,5.2,108.5,62.2,8.9,15.4,13275,17.4,146,839177
Plaza,98493,High,50,47,1.35,2.07,73,1618,4175,34,64,5,566790,48,48,108,9,14,64,152,126390,32,110,2025-12-09,03:26,20.3,62.2,41.1,8.8,14.6,3461,25.7,296,891675
Angelus Vista,99616,Very High,53,34,2.08,4.25,12,16142,1126,6,83,4,969358,29,7,98,3,13,32,136,15254,44,3976,2025-07-14,14:02,17.5,104.6,45.5,0.8,5.5,15291,13.4,339,316010
Playa del Rey,97959,Very High,42,87,1.32,1.42,80,15820,2339,31,86,7,602651,18,64,94,0,9,62,124,90619,44,8381,2025-01-22,14:57,11.7,86.4,33.9,8.3,11.8,15036,9.3,202,737605
Mar Vista,93594,High,44,23,0.68,0.9,21,186,4960,45,20,1,261733,27,79,15,8,13,31,288,153212,5,6537,2025-09-23,04:10,8.6,109.6,13.3,1.7,12.6,12435,22.8,76,487940
Los Angeles Heights,99568,High,49,74,1.31,4.93,64,17273,3930,38,32,9,905718,28,64,52,2,3,31,151,54007,50,9032,2025-04-19,04:42,15.1,63.7,30.1,3.7,13,1685,25.6,169,965113
Figueroa Terrace,91126,Moderate,74,44,0.36,2.07,13,11778,2956,44,78,3,849902,35,71,210,3,10,60,147,118040,26,7102,2025-09-05,00:39,33.3,87.7,58.2,7.6,16.6,19544,7.5,275,645642
Northridge,93284,Very High,43,38,1.96,3.7,61,18450,3299,18,48,5,782287,50,36,159,10,4,61,218,40944,26,8117,2025-02-10,15:43,14.7,108.5,10.3,2,15.7,13258,11,178,101374
Winnetka,91471,Very High,43,69,2.34,2.93,21,2166,4311,30,77,3,620920,48,75,159,4,6,36,326,116002,9,8863,2025-08-01,22:47,20.6,86.2,30,8.3,17.2,16990,8.5,275,164397
Silver Triangle,94091,Moderate,79,46,1.59,3.32,53,13607,133,43,86,10,863825,19,23,217,2,11,29,230,87848,47,6516,2025-03-16,20:59,26.1,91.5,33.9,8.4,20.3,17422,13.7,34,298552
Downtown LA,96459,Moderate,79,37,0.37,1.03,72,18049,2769,51,46,18,613488,38,44,55,10,6,70,65,73836,43,3675,2025-03-20,14:02,15.9,94.8,42.2,5.3,21.3,11736,16.3,213,436721
Arlington Heights,92647,Very High,36,33,1,3.8,43,7168,93,30,78,20,849812,47,18,163,8,2,18,497,151729,42,717,2025-07-08,11:20,34.2,82.7,65.2,0.6,19.4,5875,23.7,49,473332
Winnetka,94639,Moderate,42,85,0.36,1.7,43,3225,2646,38,18,18,108040,25,11,154,5,3,12,315,25759,27,8899,2025-11-07,16:50,33.9,91.4,30.8,3.2,24.1,18640,21.3,75,917461
Hollywood Dell,94811,High,39,61,2.5,3.57,56,17760,812,13,17,16,223474,32,10,76,3,6,14,225,141850,35,9983,2025-10-18,15:51,12.6,89.2,30.8,6.4,5.4,12182,20.5,41,930006
Silver Triangle,98721,High,37,28,0.44,0.94,52,3541,135,15,50,10,515071,9,51,235,2,3,34,481,93471,2,8506,2025-04-11,21:22,19.9,105.1,54.3,9.8,8.9,3196,13.8,99,987951
Mar Vista,94565,Very High,92,80,0.66,0.59,56,5595,2049,40,23,19,761338,20,19,24,6,5,52,305,93468,26,9534,2025-12-08,03:54,14,62.3,37.1,6.5,5.2,8165,26,46,342575
Jefferson,93629,Very High,65,56,2.21,3.95,24,8205,2917,54,59,5,448960,42,57,183,0,10,62,212,56731,2,4154,2025-11-24,08:12,13.5,74,23.5,3,17.9,16997,16.8,176,461124
Exposition Park,99222,Moderate,72,46,1.6,3.63,53,6696,4515,6,46,20,130146,28,76,134,2,1,38,320,139875,11,7832,2025-03-10,10:38,6.1,107.5,37.1,6.5,23,15215,29.5,183,79336
Harbor Gateway,90279,Moderate,87,81,2.37,4.96,45,15182,2085,7,45,12,563006,49,28,44,10,2,23,400,19732,15,8313,2025-11-19,03:10,23.3,104.5,18.5,5.6,9.9,1301,20.9,333,877424
Arlington Heights,91150,Very High,89,75,1.9,4.45,54,19036,890,27,31,14,317356,46,61,7,0,10,47,180,11002,46,8114,2025-09-08,11:15,20.1,82.8,20.6,7.9,23.5,18030,8.2,137,105350
Koreatown,98033,Moderate,31,82,1.29,0.99,19,778,2554,57,86,18,229347,46,57,222,9,1,43,348,147164,3,3744,2025-05-31,13:04,6.5,91,39.9,1.5,6.2,15571,21.9,265,643849
Los Angeles Heights,98340,Very High,30,82,0.95,2.24,16,11223,4822,46,83,2,93069,42,5,99,5,8,47,36,185846,27,3830,2025-03-10,21:09,13.4,73.9,35.1,7.7,23.7,10951,13.1,337,560470
Windsor Hills,98514,Moderate,80,22,2.33,1.36,65,4394,1075,14,18,18,271781,22,13,141,9,1,31,343,11492,5,3624,2025-01-11,07:01,32.2,69.4,64.9,5.6,12,11773,22.2,99,888387
Beverly Crest,92357,High,89,86,1.17,2.28,45,1381,2206,56,31,6,338188,38,14,161,5,5,24,468,176553,49,6148,2025-05-14,01:24,12.2,83.2,31.7,9.6,7,17140,6.7,212,111240
Westwood Hills,94391,High,37,25,0.99,3.25,61,11919,2975,31,44,18,672394,6,73,21,2,12,33,105,31924,1,1577,2025-03-12,14:31,9.3,77.7,44.8,3.7,14.7,14057,9.4,279,725453
Jefferson,92189,Very High,54,43,0.48,1.78,16,17592,1157,42,55,7,466377,18,16,47,9,3,70,479,170378,33,9354,2025-08-26,23:35,19.7,89.2,47.9,6.5,10.1,13500,26.4,257,449371
Northridge,98570,High,81,69,1.55,4.35,50,7983,4039,46,84,17,148469,28,80,33,4,4,66,293,19640,40,8831,2025-07-26,19:50,34.6,63.9,10.8,9.4,10.7,16921,10.7,131,620895
Ranchito Village,91799,High,52,88,1.63,3.4,18,3048,4516,14,33,20,734093,23,59,12,6,7,64,362,85094,23,564,2025-03-20,23:39,12.3,108.7,49.8,1.5,11.1,12870,25.9,104,761028
Crenshaw,99541,High,48,25,1.37,3.19,25,18269,3808,9,13,5,230559,37,46,53,4,8,37,308,80913,15,3027,2025-01-04,07:33,25.2,109.3,20.7,9.4,21.1,5082,12,245,988467
Westlake North,96557,Moderate,75,57,0.4,3.82,60,11783,2265,20,44,17,451712,17,64,123,8,10,43,176,92308,14,7458,2025-07-04,03:21,27.8,94.9,67.7,7,15.8,14718,21.1,232,231196
Morningside Park,97723,Moderate,47,67,2.21,0.55,54,8729,550,11,80,15,982724,48,48,9,0,6,47,407,78818,46,8980,2025-01-20,08:11,12.1,86.8,18.9,1.1,11.2,11517,22.4,221,365014
Bunker Hill,91969,Moderate,87,63,0.25,2.35,64,14594,2137,42,41,6,488892,16,23,94,1,14,27,378,57212,36,2691,2025-08-17,23:44,26.8,75.5,34.9,3.4,17.2,4754,17.8,278,499763
North Hills,95911,High,88,24,0.47,0.78,60,9321,4555,60,37,12,531429,30,26,131,4,2,50,196,60029,44,9971,2025-12-18,22:41,16,100.7,15.1,7.2,19.3,2724,12.6,271,638398
Westlake North,98666,Very High,52,55,0.45,4.26,29,10601,2800,53,25,4,458721,38,64,105,1,15,50,471,38737,29,5034,2025-05-15,01:38,24,94.2,69.8,1.1,10.5,2376,10.3,208,234626
Beverly Grove,93976,Moderate,88,53,1.19,1.42,45,1281,4700,56,62,7,270777,37,31,78,1,3,34,166,185210,29,3522,2025-03-28,15:24,24,68.1,40.1,6,13.3,9706,5.8,248,726296
Arlington Heights,97927,High,60,83,1.87,2.64,23,5626,2907,11,88,5,684783,27,29,64,0,14,50,458,162276,8,3240,2025-04-03,20:40,21.1,105.5,45.7,3.8,7.4,9894,12.6,111,429039
Downtown LA,91575,Moderate,74,43,0.56,1.98,61,9183,1507,17,84,18,491750,33,26,194,5,6,19,59,14164,17,1068,2025-07-10,12:42,7.7,101.1,14,6.4,8.6,19037,21.3,121,578714
Adams-Normandie,98087,Moderate,47,79,1.99,3.03,13,13310,2232,58,13,9,327312,37,34,122,1,12,12,433,114689,7,1757,2025-12-08,12:16,30.1,107.5,55,0.9,18.6,19450,28.5,204,794199
Harbor Gateway,92907,Very High,84,65,0.91,0.82,78,11772,2673,52,76,15,593878,25,19,70,5,10,63,497,186531,26,9009,2025-10-07,23:28,14.6,96.3,22.6,8.8,8.6,17406,26.8,268,864038
Pico-Union,97550,Moderate,86,77,1.05,4.01,67,8918,2340,22,40,17,473296,22,25,177,4,11,48,216,191455,46,6552,2025-11-22,23:30,10.6,90.7,63.9,9.7,15.5,19844,24.2,289,491048
Koreatown,90267,Moderate,89,66,2.2,1.82,66,6135,4946,39,31,8,945231,39,45,235,1,0,23,71,26646,35,3414,2025-12-23,12:46,6.2,80.9,22.3,9.7,19.2,6926,24.7,192,602439
Sherman Oaks,97540,Moderate,55,40,0.15,4.53,68,9669,4211,21,84,17,388085,12,44,5,1,10,35,29,76708,29,5092,2025-05-16,23:31,22.7,106.6,21.4,7.6,7.1,7251,21.6,77,323452
Studio City,97435,Very High,45,67,1.16,4.4,77,15857,3860,6,53,8,393461,46,28,236,1,4,59,194,10594,13,3580,2025-08-06,18:46,25.3,103.3,12.2,1.7,16.3,10496,11.5,358,290853
Harvard Park,93148,Moderate,78,87,2.34,1.65,48,19481,3167,16,42,7,858629,8,63,138,0,9,60,67,158484,28,5701,2025-04-18,12:41,5.5,62.3,38.3,7.7,10.1,4300,27.7,357,828883
Adams-Normandie,96030,Moderate,77,61,0.44,3.71,74,12574,2412,15,30,9,595524,9,77,88,6,15,62,465,88648,11,5539,2025-12-15,10:16,20.4,61.3,43.9,0.7,24.3,9553,21.8,145,226743
Porter Ranch,93354,Moderate,65,79,1.63,4.78,48,7400,2326,19,42,12,674749,26,50,98,2,12,41,324,71594,28,8286,2025-01-09,10:56,11.8,78.8,13.9,0.7,14.7,4727,19,254,140306
Windsor Hills,90438,Moderate,77,25,2.12,0.87,21,14906,305,52,72,16,306204,34,45,134,4,11,10,299,173013,47,2901,2025-09-15,20:08,24.4,100.5,56.5,3.6,21.1,17898,7.8,357,799468
Toluca Woods,92477,High,37,70,0.66,3.74,54,4365,1938,59,72,16,582292,28,79,159,9,9,21,178,177920,39,6679,2025-01-10,05:49,10.2,109.4,37.2,5.1,16,17832,16.2,176,943416
Jefferson,93649,Very High,75,90,1.23,0.73,43,10943,1136,22,13,13,587509,14,13,214,2,15,17,323,100164,40,4902,2025-12-21,12:09,25.7,67.5,41.5,7.8,5.9,7019,16.5,92,576492
Valley Village,93103,Moderate,67,45,0.78,0.59,64,10669,454,15,21,16,684220,30,40,120,4,7,54,236,11363,4,2517,2025-09-19,06:22,16.6,89.7,36.4,7,17.7,16463,26.6,323,142769
North Hollywood,92037,High,53,56,1.3,1.22,48,635,485,29,19,20,240831,47,51,162,2,14,18,242,26017,34,9491,2025-04-14,14:50,33.1,79,34,4.7,24,11047,18.7,352,137265
West Adams,90462,High,54,87,0.37,1.25,72,12553,2515,56,31,12,385580,43,72,203,4,9,13,491,72634,18,3421,2025-05-12,19:33,9.1,108.5,43.6,3.1,17,12754,14.5,354,867563
North Hollywood,91651,Moderate,46,84,2.22,1.92,37,8475,2836,10,86,9,493627,24,11,225,5,9,61,363,103923,45,5803,2025-10-09,11:45,15.2,102.1,19.3,10,21.4,3520,29.4,42,102428
Jefferson,96071,High,92,49,0.93,3.62,57,17156,2192,32,20,14,712423,38,20,209,8,9,62,277,27024,7,7630,2025-05-17,11:44,8.4,101.9,20.9,4.5,22.7,4081,7.8,218,608158
Harvard Park,91321,Moderate,58,62,1.29,4.8,77,14323,1912,16,14,12,751595,14,7,54,7,1,26,108,168158,34,6049,2025-01-09,17:24,32.7,83.4,61.7,4.8,9.6,2428,15.6,316,677835
Woodland Hills,91621,Moderate,45,26,1.09,2.11,57,1541,4144,29,49,7,52002,38,35,223,0,15,13,110,79546,33,138,2025-03-11,19:33,31.3,80.7,66.8,2.1,9.2,4967,6.1,237,810278
Valley Village,93027,High,86,55,1.14,3.35,31,7432,3550,32,37,15,956896,39,35,90,1,2,29,205,73285,23,8720,2025-10-20,15:13,12.7,73.7,32.4,8.1,17.2,7445,23.5,143,99067
Beverly Crest,96442,High,34,30,2.41,1.31,15,14673,2993,20,52,7,310091,22,13,197,3,6,30,459,24009,26,615,2025-09-25,21:03,24.8,62.8,26.2,7.1,13.2,15566,28,51,812371
Van Nuys,97952,High,86,71,2.31,1.51,37,11360,1813,57,48,6,472375,18,44,214,5,0,42,56,194428,24,3267,2025-11-21,02:50,29.5,103.2,48.6,2.6,21.8,15042,12,243,162217
Exposition Park,96952,Very High,75,23,0.26,2.91,31,16669,1225,31,83,3,788874,13,60,169,7,3,58,497,125920,23,3937,2025-07-13,20:47,21.7,100.6,34.5,1.3,23,12329,26.5,200,989111
Playa del Rey,94597,High,82,61,0.23,4.53,22,596,2772,14,82,18,650064,6,24,45,9,5,56,222,92162,50,7730,2025-11-18,06:11,20.9,110,11.5,7,12.1,3159,12.3,352,468184
Harvard Park,91204,High,48,35,0.86,4.12,48,16225,309,32,37,18,934554,17,78,87,8,4,34,95,167330,43,1094,2025-09-14,21:23,12.3,109.8,19.4,6.7,9.7,6132,27.8,83,673222
Playa del Rey,90636,High,69,44,0.27,0.75,28,5645,4973,48,50,16,436643,50,35,186,5,4,52,297,55996,50,6827,2025-04-06,22:04,7.8,87.8,53,3.1,20.6,19931,23.8,327,192980
Mar Vista,90920,High,47,55,0.47,1.37,26,14786,1420,5,50,6,642940,45,72,204,4,0,48,499,43953,0,9419,2025-05-25,05:11,31.9,98.4,49.5,9.5,10.5,15933,25.1,349,993927
Toluca Woods,98534,High,61,49,1.1,0.71,15,7915,2812,11,32,13,398166,19,8,155,9,7,40,142,89266,21,1629,2025-11-22,22:50,32,107.2,11.6,1.9,21.5,11473,5.5,155,552367
Mission Hills,95567,Moderate,41,29,1.38,2.54,70,18733,3058,18,39,10,688787,19,53,185,0,5,62,280,149186,13,1991,2025-03-22,08:26,24,102.5,23.3,4.6,13.5,11805,29.1,306,386851
Northridge,98155,Moderate,59,80,1.77,4.32,75,14493,2212,60,75,3,67086,47,32,125,7,6,54,370,36434,10,3593,2025-04-20,20:56,15.2,72.4,23.9,9.5,18.4,4083,23.2,233,259329
Exposition Park,98573,Moderate,36,70,2.21,3.49,71,16489,4535,59,75,5,68906,39,37,174,2,10,67,371,111834,15,427,2025-12-20,18:37,15.5,82.5,50.3,4.5,6.9,18421,12.6,223,307354
Gramercy Park,92648,Moderate,59,53,0.25,3.59,25,14412,2084,6,26,6,186382,30,59,131,4,15,65,354,88895,30,6089,2025-07-13,06:10,26.8,66.5,11.2,6.6,17.5,14944,25.7,198,573406
Angel Gate,91576,High,41,68,1.45,1.73,73,13671,1834,16,77,11,640216,41,13,188,4,3,54,148,153176,3,3649,2025-07-25,10:09,31.9,107.7,16.2,4.3,14,8604,12,181,111215
Porter Ranch,94087,High,93,56,1.98,3.31,48,14303,245,60,53,12,899870,35,19,201,3,9,43,365,183243,11,814,2025-10-07,15:52,31.6,90.3,58,3.1,16.7,16379,26.8,64,761195
Figueroa Terrace,95077,Very High,35,31,0.47,4.04,11,8343,881,50,36,12,224818,10,28,23,5,13,23,284,155695,6,3252,2025-09-09,08:16,28.4,71.4,20.7,9.8,8.4,4983,7.8,213,361573
Adams-Normandie,97760,Very High,61,84,0.49,3.06,14,15894,2737,11,53,19,808385,11,61,186,5,15,18,445,168475,40,1093,2025-07-18,15:28,24.3,93.6,49.2,4.4,19.7,2778,22.6,315,918584
Hollywood Dell,97591,Moderate,49,54,0.49,4.88,48,10807,3753,41,66,20,855582,10,65,100,4,3,34,96,195501,6,3237,2025-08-07,16:08,7.5,90.9,24.3,9,22.3,6110,18.5,86,682336
Winnetka,91233,Very High,95,68,0.14,3.94,10,1722,4892,41,83,11,190690,17,31,190,8,0,40,311,120972,16,5852,2025-08-28,03:36,9.8,77.9,16,2.7,9.3,13087,7.4,251,219530
Mission Hills,90155,Very High,70,36,0.3,0.64,73,13265,1436,20,84,7,980855,16,48,205,7,8,29,44,103169,1,183,2025-03-17,04:24,32,65.7,24.6,2.5,6.9,18508,11,332,227241
Morningside Park,98066,Very High,44,61,1.84,4.83,55,4868,2441,31,38,1,495880,19,51,182,8,15,12,51,143575,35,4562,2025-08-13,22:11,23.2,93.6,53.3,0.8,5.5,18081,5.3,192,188731
Regent Square,94001,High,32,71,0.96,1.03,48,7077,340,15,77,7,590093,22,43,200,8,12,53,289,58721,6,9939,2025-10-07,12:47,5.3,86,61.3,6.7,17.8,3179,16.7,48,503830
Westwood,92941,Very High,41,24,1.49,1.93,60,13313,1082,39,54,16,223975,22,7,128,5,10,14,413,37591,24,4381,2025-12-28,02:50,8,98.6,59.8,4,17.1,10596,12.5,293,814265
Beverly Crest,97999,Very High,40,24,1.79,4.01,29,6604,1152,36,74,2,774304,43,26,240,7,7,48,363,61653,4,7264,2025-12-08,19:21,24.9,86,33.8,8.7,15.9,6251,20,311,389384
Ranchito Village,91808,Moderate,65,88,2.17,2.87,69,2741,4448,33,39,8,173205,20,75,109,10,0,41,275,95129,11,9310,2025-05-22,03:56,5.2,102.6,50.1,5,9.6,10235,12.4,142,476009
Silver Triangle,97203,Very High,94,67,2.17,1.23,25,6199,3314,42,69,8,655360,12,49,30,8,14,44,391,192928,12,5097,2025-05-17,08:48,9.8,87.6,22.3,9.7,12.8,19313,12.5,356,163688
Figueroa Terrace,95530,High,35,47,2.28,3.28,37,3949,3771,33,56,7,221782,36,36,231,9,15,50,41,106942,43,1790,2025-09-05,23:25,21.5,88,27.6,2.3,16.9,15871,23.6,59,358617
Crenshaw,95022,High,39,75,0.65,2.1,43,1809,4353,27,13,12,988642,5,72,176,9,3,37,420,136063,35,2135,2025-01-30,14:05,25.8,103.8,63.8,8.8,14.9,2013,6.2,164,933194
North Hills,94769,High,48,35,1.66,2.28,76,380,2800,58,65,4,191089,17,24,44,2,9,19,97,89928,39,5303,2025-08-31,15:14,24.6,80.2,10.8,7.9,24.8,17610,27.6,96,794748
Studio City,92035,High,52,52,1.2,0.98,67,18364,1909,13,69,17,367961,7,24,222,5,6,19,188,97816,49,8401,2025-02-06,19:09,11.7,66.7,15.1,7.8,7.7,2828,26.3,94,540834
Lafayette Square,98586,Very High,62,57,2.2,0.88,41,231,4138,60,31,18,223746,49,39,110,4,11,54,161,87881,2,7732,2025-04-19,14:58,26.4,61.4,22.5,8.5,18.9,8909,21.7,321,943388
University Hills,96409,Moderate,53,29,1.41,2.18,78,1182,2158,19,66,17,982660,17,54,70,9,7,14,328,56805,12,5292,2025-10-02,05:26,12.1,97.8,11.6,7.7,13.1,6588,19.8,54,430596
Jefferson,94051,Moderate,53,50,0.74,2.71,21,11288,2327,21,67,1,78105,21,35,144,5,7,57,53,49858,3,696,2025-09-19,18:27,14.8,91,20.9,6.4,13.6,14109,27.3,66,761111
Temple City,96814,Very High,64,64,1.22,4.89,29,19781,2127,21,58,18,180844,50,47,36,6,2,66,273,77054,3,5590,2025-01-26,21:27,27.4,95.2,45,1.7,19.4,3023,9.6,30,962743
Exposition Park,95124,Very High,83,43,0.63,0.9,66,7412,1235,38,54,11,76510,43,27,97,8,10,20,220,181335,23,858,2025-12-21,21:40,24.5,70.6,35.3,0.8,18.8,15537,7,66,784275
Beverly Grove,96559,Moderate,87,38,1.19,4.14,71,5609,3807,54,76,18,433945,46,32,78,2,4,61,313,142342,21,8860,2025-10-30,22:05,30.5,66.8,63.6,9.2,24.8,6891,11,170,319150
Plaza,91380,Moderate,94,76,0.65,0.69,73,4317,726,25,74,3,614610,20,26,114,4,6,65,288,191053,41,3649,2025-12-24,17:43,24.7,60.7,59,6.4,7.6,2080,24.9,261,299243
Watts,95518,Moderate,45,49,0.23,2.96,63,15521,765,14,31,7,536214,50,42,64,10,5,22,381,185199,7,2852,2025-05-15,13:51,22,77.5,30.5,8.1,7.1,6036,5.9,165,648506
Mar Vista,92602,Very High,47,50,0.65,2.96,33,7994,805,59,45,18,262617,11,76,15,1,14,60,39,107582,25,7530,2025-02-11,06:13,7.8,89.5,25.6,5.1,19.5,16379,19.6,217,246416
Beverly Grove,90354,High,52,34,2.19,1.27,13,8732,3550,42,50,3,495500,45,54,67,5,10,37,210,150839,11,2014,2025-12-05,16:46,16,79.6,32.8,1.6,16.6,11822,29.9,157,606718
Toluca Woods,97662,Very High,44,79,0.21,1.29,35,11715,448,7,31,2,88181,32,62,134,8,0,35,50,174699,19,3878,2025-01-12,23:38,13,81.9,45.4,1.7,10.5,3563,26.4,230,73091
Crenshaw,92711,Moderate,64,49,1.73,3.96,34,17142,354,13,68,18,543546,30,11,210,4,0,48,50,58235,4,8688,2025-07-24,04:43,12.3,105.2,26.1,7,6.6,4292,18,156,831413
North Hills,93764,High,47,67,1.83,4.92,24,19248,2275,38,41,10,699878,19,67,34,8,3,60,381,144227,35,7605,2025-07-02,03:44,34.2,77.4,47.4,4.6,6.7,4586,6.6,286,598277
Van Nuys,99542,Very High,38,24,0.59,2.61,21,5163,4512,60,47,2,813806,28,75,189,9,5,20,416,118334,19,4890,2025-04-14,13:13,16.8,85.7,34.6,2.4,22.9,17087,25.8,193,125451
Angelus Vista,99019,High,83,86,0.1,2.08,53,6607,3340,49,73,6,466393,16,16,24,8,6,14,490,140720,4,2491,2025-12-18,09:07,31.8,99.2,43.1,5.2,8.8,17100,20,64,68990
Harvard Park,94754,High,90,41,1.8,2.19,70,5840,3197,36,76,18,475293,21,72,7,1,14,13,30,74988,9,3861,2025-04-15,20:42,23.9,79.8,36.2,1.1,11.5,7643,7.9,223,402414
Mar Vista,99567,Very High,53,70,1.66,0.96,64,124,3013,25,32,19,809520,9,33,221,8,2,46,134,161727,33,8619,2025-02-20,04:12,28.8,91.1,27.7,6,9.5,4959,7.3,220,916792
Northridge,95687,Moderate,71,56,0.48,4.09,77,9330,4795,34,68,14,824472,39,63,101,6,0,57,417,117873,27,3415,2025-06-16,13:07,20.1,103.1,66.9,3.1,12.1,12005,27.7,133,300541
Plaza,96362,High,69,51,0.4,4.67,50,15115,3737,6,51,15,53819,7,47,82,10,11,41,108,108785,7,322,2025-08-15,18:34,22.3,107.5,55.8,8.1,6.4,11775,21.7,52,872513
Windsor Hills,90529,Moderate,45,29,2.42,2.57,41,2815,3004,57,28,11,369307,33,28,167,2,1,57,154,67832,23,4351,2025-03-21,22:11,19.8,67.4,18.4,3.4,15.4,1161,25.7,294,716393
Wrigley,97494,Moderate,79,48,1.46,1.21,12,13344,4918,28,45,16,971844,23,36,147,8,10,46,383,15731,17,4330,2025-01-07,04:18,10.9,106.3,62.1,4.8,6.4,17029,27,319,420416
Ranchito Village,98944,Very High,47,60,2.15,1.46,61,16313,1715,20,86,17,329483,33,21,15,2,9,61,201,81894,25,2321,2025-06-14,00:47,26.7,84.6,39.2,0.6,21,17977,19.3,289,852673
Downtown LA,97579,High,63,51,0.6,0.81,15,4804,3908,12,11,5,680971,43,48,209,8,12,43,50,49943,27,357,2025-10-08,21:26,13.4,72.9,63.7,1.2,9.7,15226,17.9,104,174932
Beverlywood,99403,Moderate,43,63,2.23,4.93,77,14344,3863,10,37,16,556702,46,74,96,8,12,55,446,72701,0,5559,2025-11-23,20:25,5.7,83,58,4.2,15.8,12154,15.8,101,318083
Westwood Hills,92153,Moderate,62,58,2.1,2.89,33,16417,329,47,24,3,509289,39,36,46,2,6,50,32,57761,44,8553,2025-10-30,19:57,24.4,109,35.5,5.1,22.6,13080,12.9,288,163000
Historic West Adams,94367,High,78,77,0.97,2.44,43,4680,716,47,67,6,913417,5,32,169,4,11,62,299,15110,3,2501,2025-08-22,16:48,10.3,84.6,11.3,6.2,18,4390,15.9,217,752922
Mission Hills,97517,Very High,34,69,2.48,4.13,53,5546,3009,20,41,7,893401,7,67,199,1,15,57,340,111089,6,9923,2025-09-30,19:40,33.2,76.4,26.1,3.3,15.7,6997,24.3,202,609351
Gramercy Park,98018,Very High,60,51,0.32,4.6,51,9628,3237,37,78,6,567844,48,45,199,1,6,30,302,49603,27,860,2025-01-09,07:04,33.6,91.7,42.5,7.1,11.5,13693,20,319,543216
Bunker Hill,96340,High,78,90,0.37,2.39,54,1785,1570,8,25,17,993961,23,23,107,3,0,15,486,96971,32,8821,2025-08-19,12:35,32.4,72,48,8.7,11.7,18047,27.3,74,782081
Regent Square,92309,High,77,47,0.86,1.73,60,2654,1229,8,37,17,705575,48,48,28,8,6,69,437,161252,22,710,2025-06-11,22:58,16.1,63.8,25.5,7.9,18.4,10324,16.1,90,732405
Temple City,92921,Very High,48,24,1.55,4.04,30,11757,1056,43,82,5,525465,43,39,146,3,5,53,391,101348,2,2763,2025-12-24,13:43,5.5,66.4,18.4,0.9,24.9,1541,20.2,112,559850
Beverly Grove,92650,Very High,91,57,1.12,4.55,18,7335,930,29,35,5,838267,16,80,229,8,9,18,54,178072,41,8804,2025-11-22,10:33,32.8,66.4,60.1,5.1,18.2,6093,20.8,152,487985
North Hollywood,94452,Moderate,41,48,2.02,3.25,54,4418,1020,20,73,19,624011,34,37,143,9,2,35,254,70104,32,4741,2025-01-21,11:33,17.8,67.6,69.1,1.5,16.2,14428,19.8,45,883550
North Hills,95531,Very High,93,63,1.18,2.46,47,14453,2514,28,52,2,925795,47,16,80,10,5,42,359,24697,1,4402,2025-06-10,10:37,34,66.9,41.5,2.8,19.6,12166,22.6,95,134703
Beverly Crest,92993,Very High,48,30,0.3,0.97,79,277,3803,13,64,13,339452,20,33,20,1,15,51,189,136089,18,2246,2025-09-24,21:44,33.9,92,20.3,9.9,14.3,18251,10.9,174,545164
University Hills,90667,High,61,46,0.6,1.11,42,4612,1229,30,14,1,936053,38,61,185,0,13,30,268,168830,12,1164,2025-05-14,00:05,30.6,69.1,26.3,1.9,6.2,17063,17.8,191,464841
North Hollywood,92814,Moderate,38,20,2.27,2.7,46,13430,2799,10,24,5,229982,10,28,138,3,9,11,236,37469,8,298,2025-10-04,18:00,13.8,77.3,11.1,5.2,16.2,11258,7.6,263,810084
Northridge,95457,Moderate,88,79,0.41,1.96,26,14631,2207,31,22,14,889488,13,37,157,4,10,41,268,139416,15,8236,2025-07-10,11:19,16.6,104.8,64.9,6.4,24.2,17044,14.6,173,702845
Sherman Oaks,91494,High,42,53,1.91,3.22,74,3349,1595,18,20,9,792802,17,54,188,1,12,15,233,95996,46,5186,2025-10-15,07:32,30.5,83.7,17.1,7.2,8.5,6469,17.2,217,339220
Bunker Hill,96831,High,72,29,1.31,2.75,66,10565,3842,52,75,2,660139,8,16,139,9,3,47,388,29499,4,2702,2025-05-24,13:55,14.5,93.4,44.6,5.8,18.8,7256,21.3,351,303317
Playa del Rey,92581,High,72,69,0.93,4.39,60,811,2848,39,36,18,411437,24,13,31,0,1,61,349,134242,39,3070,2025-07-21,17:15,10.1,68.6,26.4,0.6,9,11720,28.8,42,245877
Winnetka,98211,High,75,20,0.71,2.59,47,15557,3255,59,81,9,497546,39,42,47,8,5,70,456,156544,30,5774,2025-08-01,08:15,21.7,69.6,43.3,3.6,15.7,2169,20,213,881037
Northridge,94776,Very High,50,61,0.55,1.9,44,10796,931,16,14,8,571456,30,35,161,9,5,39,113,44485,42,668,2025-11-02,21:39,33.1,62,49.1,5.4,6.9,1830,23.6,140,396709
North University Park,97485,Very High,83,68,1.54,2.12,67,17347,4667,52,86,8,976438,33,30,120,7,0,63,403,160447,4,751,2025-10-16,06:40,25.9,68.4,59.8,1.3,14,2651,17.7,319,531725
Mission Hills,99552,High,43,82,0.33,0.94,54,13982,553,17,45,13,127039,12,60,230,4,0,15,350,189260,47,1848,2025-08-30,08:57,22.1,73.9,22.4,3.8,20.1,18520,20.9,324,875553
North Hills,96328,Moderate,63,30,0.31,2.28,31,1771,877,16,18,19,516404,27,79,5,3,9,12,43,130267,5,4048,2025-06-08,06:04,7.9,68.9,10.7,0.8,12,10518,6.8,244,867865
West Adams,90895,Very High,76,36,0.77,3.72,64,13191,3908,7,60,20,207242,47,51,53,7,9,24,28,195204,23,5309,2025-01-08,12:42,23.5,64.4,18.2,1.2,18.3,14258,11.4,149,617597
Crenshaw,92122,Moderate,91,82,1.93,1.07,79,17394,2009,52,21,1,866326,49,77,51,9,8,59,206,93120,47,6531,2025-08-29,09:51,34.7,66,64,4.3,20.9,17184,14,84,903900
Mar Vista,98165,Moderate,33,60,1.47,2.36,27,17651,3438,19,26,12,907934,41,49,62,0,2,32,392,182614,47,9707,2025-01-02,22:32,9.2,83,62.4,1.8,23.5,2019,16.8,56,487470
Atwater Village,97264,Moderate,83,76,1.24,3.57,17,1111,2355,8,25,17,579786,16,76,5,0,2,61,372,105591,36,301,2025-09-12,23:49,20.5,70.3,45.8,5.9,9.7,11028,6.1,147,903725
Crestwood Hills,95325,High,46,24,0.13,4.24,68,16024,3300,42,66,7,227707,19,8,198,1,9,57,32,45135,37,1598,2025-12-28,23:19,31.3,78.2,46,7,13,13448,8.5,250,408402
Atwater Village,93244,High,59,63,0.14,2.37,44,1496,1633,59,33,6,78531,24,11,194,7,6,38,345,61528,45,7738,2025-04-14,12:22,27.2,85.2,49.9,8.1,8,13485,11.9,260,874837
Civic Center,91387,Very High,66,42,0.67,2.03,57,17589,61,50,76,10,641341,5,42,86,9,6,27,257,143575,18,3502,2025-11-04,22:36,25.9,94.5,20.5,2.4,24.8,2283,29.3,82,617815
Elysian Valley,91317,Very High,48,22,2.08,4.58,24,7808,293,8,63,7,635036,32,75,184,10,1,58,389,166761,9,9138,2025-02-27,08:22,26.1,62,64.9,2.1,23.5,18043,13.3,324,913659
Florence,96693,Very High,91,43,0.56,4.62,76,16920,2559,43,88,14,456444,34,55,5,6,8,27,187,187257,19,7408,2025-07-13,19:03,15.8,100,35.1,1.5,15.8,19394,17.1,350,967996
Atwater Village,92381,Very High,77,58,1.35,1.26,75,14948,188,44,51,1,520633,50,29,12,0,10,17,146,153209,28,2004,2025-05-08,08:12,13.8,91.4,33,6.5,21.8,2733,9.9,262,798778
Florence,90554,Moderate,95,75,1.26,0.94,75,815,3177,13,22,15,615136,21,64,101,7,0,48,133,74365,36,9614,2025-01-10,11:14,29.3,64.1,41.1,7.2,15.4,19509,20.3,187,189883
Elysian Valley,98189,Very High,70,56,1.01,0.76,25,14030,647,23,26,20,415403,32,54,35,7,11,26,457,105133,15,6579,2025-05-09,14:21,29.3,103.7,12.8,0.8,17.5,19555,12,298,667632
Century City,91709,High,64,45,1.56,2.9,34,15807,1120,25,87,16,493538,22,74,198,0,11,59,83,182563,48,323,2025-05-22,02:15,31,106,20,9.4,6.8,17230,10.2,50,205344
Atwater Village,94313,High,61,85,2.17,3.07,47,4382,3932,7,43,19,843129,18,69,23,5,15,25,196,28018,30,809,2025-10-31,12:16,32.4,63.1,54.3,1,20.1,15472,17.9,82,515226
Century City,90067,High,91,21,0.81,2.77,49,2142,4702,33,60,8,551673,40,24,93,0,13,14,106,78109,33,3384,2025-01-06,15:32,20.3,73.8,15,5.6,7.6,13889,5.1,304,797852
Elysian Valley,99091,High,56,35,1.53,3.23,44,13978,3799,25,76,17,674332,46,70,94,1,2,32,164,50040,7,1301,2025-11-24,12:52,20,100.3,46.2,7.2,21.5,4471,5.2,342,621441
Century City,97005,High,80,58,1.68,1.6,37,14077,4013,40,67,7,128543,40,12,29,6,3,18,324,100404,40,3151,2025-08-04,01:38,28.9,97.4,24.7,8.8,20.6,10028,10.5,310,158042
Atwater Village,90846,High,41,89,1.32,4.77,48,19150,711,17,21,18,427539,16,11,204,0,15,63,157,62193,50,1313,2025-07-24,05:22,24.5,69.2,33.4,7.3,19.2,9329,5.9,243,104110
Central City,94011,Very High,94,35,2.04,2.56,34,8406,3510,50,85,7,83176,44,8,48,8,0,33,491,128311,5,2495,2025-12-22,04:40,26.1,70.5,27.3,8.1,5.7,3097,7.7,60,195051
Crestwood Hills,97374,Very High,95,54,0.66,1.88,47,19676,3156,19,83,13,55957,17,23,152,10,10,18,438,171827,37,8164,2025-11-21,21:28,28.9,78.5,31.3,3.7,11.1,15082,13.5,212,815419
Elysian Valley,90241,High,40,31,0.33,4.89,79,16842,2546,48,69,4,202169,7,30,61,2,10,50,167,51483,18,1014,2025-03-28,21:03,31.7,84.2,53.1,8.2,10.3,14930,25.1,52,813461
Atwater Village,99489,Moderate,84,72,0.19,1.1,70,19077,480,9,54,6,706436,45,61,79,9,3,33,368,193351,16,1751,2025-11-19,20:57,15.1,90.9,27.8,1.3,12.2,11077,19.3,61,78328
Civic Center,91207,High,95,39,1.53,2.98,65,3378,1006,53,24,12,739097,23,32,120,3,6,23,254,15404,41,8826,2025-10-13,17:54,16.3,78.4,44,9,6.8,7397,17.8,103,687199
El Sereno,90302,Very High,80,28,0.96,0.92,16,6630,2263,8,20,20,870005,40,72,11,5,7,35,80,119063,7,7924,2025-12-29,01:35,7.8,83.1,38.6,5.7,23.7,3757,12.3,39,325011
Civic Center,91525,High,58,49,2.03,1.44,39,18577,4871,52,28,14,828657,5,18,76,6,15,43,382,186165,50,7305,2025-03-04,16:49,22.3,97.4,49.8,8.3,16.1,19284,28.3,83,109234
El Sereno,94679,Moderate,55,40,2.23,2.12,44,18537,954,21,89,4,871187,30,5,221,6,8,59,283,170740,11,4210,2025-09-19,21:43,6.1,61.8,66.2,4.8,11.1,19994,14.9,81,862283
Elysian Valley,98735,Moderate,66,83,1.59,4.22,19,6909,1582,43,60,18,669279,26,69,159,5,5,19,361,24777,27,4762,2025-02-17,23:50,19,72.6,54,6.6,12.9,18833,7.2,177,867711
El Sereno,99821,Moderate,80,71,1.95,2.39,48,13540,3754,59,78,18,864161,31,32,80,4,4,33,128,140501,27,8256,2025-07-01,03:34,21.3,95.7,22.9,5.5,13.9,6017,20.4,189,822791
Elysian Valley,96976,Very High,40,42,1.02,2.66,76,18987,4587,21,55,10,433084,50,45,176,1,2,32,44,35920,1,4087,2025-03-17,03:17,13.6,104.8,11.9,7.5,17,17370,7.8,43,277135
Century City,91256,Very High,71,68,0.32,1.6,37,15317,3687,18,84,17,463419,6,9,128,9,8,12,410,82359,10,9964,2025-10-19,06:50,22.7,85.6,25.7,1.3,15.3,8999,13.6,207,647690
Atwater Village,90865,High,79,58,1.31,3.04,50,3935,3228,48,30,13,693910,42,75,100,5,14,35,69,133367,19,7113,2025-12-03,00:54,5.9,86.6,45.7,1.1,23.4,11195,17.7,82,851881
Crestwood Hills,93760,High,42,67,1.37,3.72,28,19648,4253,10,84,11,508878,22,11,25,10,5,22,171,185219,10,5615,2025-11-29,02:01,6.1,65.4,13.1,2.8,14.9,3096,26.9,364,388365
Crestwood Hills,94520,High,52,21,0.12,4.02,17,1378,3711,41,77,4,61925,6,41,105,5,1,34,218,136374,36,6314,2025-01-22,11:05,29.7,82.4,39.8,2,24.8,16433,17.3,51,925512
Century City,97591,Very High,52,63,1.4,0.62,20,2489,2067,58,44,2,688016,27,44,132,9,1,62,428,155659,19,7036,2025-11-01,16:11,15.8,86.6,45.8,8.8,22,11595,22.6,59,579739
Elysian Valley,95592,Moderate,32,26,1.73,1.46,77,8316,280,46,88,16,209419,29,11,214,0,12,46,228,54266,6,8915,2025-08-22,08:53,8.8,72.1,30.1,2.6,9.2,16941,29.8,220,137178
Central City,92214,Moderate,89,46,1.56,3.91,22,2109,2324,21,49,10,452163,39,63,76,3,0,42,348,170501,25,9934,2025-04-28,08:44,20.7,73.5,56.3,9.8,23.6,16078,8.3,289,900193
Elysian Valley,98522,Very High,79,89,1.82,3.64,58,12529,3566,54,60,15,713583,46,80,182,0,0,53,451,38034,27,1306,2025-05-04,19:51,28.1,78.9,16.4,3.7,7.3,6105,11.9,234,286562
Civic Center,95640,High,31,29,0.94,4.11,72,6377,72,27,18,5,151283,10,18,117,1,2,50,236,21104,5,3446,2025-02-14,16:26,11.5,61,14.5,2.2,21.3,3839,14.9,88,351014
El Sereno,92295,Moderate,43,73,2.01,1.33,31,5964,1999,51,17,8,200747,20,16,56,9,4,41,288,53311,28,5386,2025-05-02,07:11,23.7,76.1,53.7,8,12.6,4384,15.5,293,408710
Florence,92599,High,35,77,2.4,1.6,54,5267,1108,28,14,5,510997,41,33,147,2,9,38,154,25735,2,3426,2025-04-11,06:25,7.6,70.6,39.7,6.8,22.6,11851,15.3,41,435893
Elysian Valley,92641,Very High,92,90,0.19,4.81,47,2022,1341,53,79,3,719096,25,75,196,9,10,16,103,135074,29,5719,2025-08-20,18:49,6.6,76.4,51.3,5.2,22.4,11053,27.7,148,173765
Century City,93261,Very High,30,22,1.99,4.38,76,3950,1476,20,80,1,773694,22,34,50,4,11,38,90,88678,46,5328,2025-01-14,09:27,20.9,66,36.1,5.8,21.1,14493,22.9,319,437025
Elysian Valley,95434,Very High,41,53,2.06,2.97,71,12485,1659,60,64,20,958295,49,52,51,6,6,46,295,110023,2,8633,2025-04-19,10:08,21.2,104.5,24.8,7.3,20.8,18069,20.2,277,998377
Atwater Village,90427,Moderate,83,69,1.58,2.13,18,6764,845,27,14,5,745243,12,41,4,2,11,66,363,94732,14,3765,2025-07-19,01:59,24.1,89.7,59.1,2.7,11.1,15139,12.7,156,178389
Atwater Village,94693,High,40,48,0.14,3.14,43,6532,2755,53,53,7,834389,25,28,52,6,9,20,415,194169,11,3515,2025-12-02,03:23,26.8,94,58,10,6.6,8531,25.6,104,763987
Civic Center,97992,Moderate,39,70,1.72,1.64,78,10854,3848,13,46,7,103013,34,17,210,5,12,47,89,113870,0,7976,2025-10-03,21:48,34.3,99.5,51.7,9.8,13.1,5283,28.9,233,247227
Elysian Valley,92121,High,76,84,2.27,2.98,24,1994,233,32,23,9,705224,27,6,194,7,5,20,276,126698,15,9372,2025-07-23,14:51,20.5,84.9,26.3,6.7,8.5,8736,25.5,78,542402
Elysian Valley,98682,High,51,56,0.85,3.79,20,14762,4504,41,84,15,263178,14,26,84,5,10,31,79,87027,22,2093,2025-06-08,10:17,14.7,64.3,45.4,2.4,18.9,8710,5,108,861804
Atwater Village,94148,Very High,64,37,1.62,5,22,12346,3642,11,11,1,862724,28,77,202,6,8,61,55,61400,49,9804,2025-04-09,23:44,28.9,86.9,31.7,7,11.9,2619,20.9,270,840074
Elysian Valley,95270,High,69,42,1.36,0.9,42,18203,1692,17,84,9,497449,30,26,107,6,2,39,91,70915,1,6707,2025-01-27,16:22,13.1,89.3,15.5,1.2,24.5,14975,6.3,183,310220
Atwater Village,93889,Moderate,49,49,0.79,0.8,48,10519,1413,23,31,15,259577,49,10,72,8,3,49,159,154007,18,5662,2025-03-20,05:33,18.2,97.3,65,0.8,17.8,13835,11.4,303,471217
Florence,92663,Moderate,73,38,1.08,3.7,19,12147,2958,10,15,4,101093,7,38,20,9,10,55,477,127671,19,4926,2025-05-16,16:36,7.4,81.6,18.2,2.9,21.4,16261,6.5,125,346208
Atwater Village,93040,Very High,36,26,2.36,3.77,41,3879,3389,23,85,4,633442,39,19,100,7,13,62,103,58672,36,4687,2025-12-16,22:03,5.8,66.4,67,4.9,7.7,2431,20.1,243,800186
Crestwood Hills,94891,High,46,71,0.28,4.58,15,7147,66,21,37,6,329266,30,20,11,5,10,25,48,108362,32,3805,2025-08-25,23:47,33.9,74.2,36.8,8.7,22.2,10067,22.2,323,850554
Atwater Village,99401,Very High,63,50,1.95,3.34,31,3908,1103,15,74,1,122295,13,80,109,3,6,50,419,68851,50,8392,2025-03-17,16:59,30.1,78.2,21.1,7.4,23.5,5713,7.9,238,992324
Century City,96097,Moderate,46,58,0.12,4.06,74,7416,1978,13,29,13,625191,50,40,116,6,4,25,418,21043,15,4045,2025-04-24,10:36,25.9,92.3,42.5,7.6,14.7,10557,14.6,117,118431
Crestwood Hills,98706,Very High,88,43,1.37,4.06,60,3603,1988,13,37,12,141804,48,17,142,2,13,66,331,72539,12,6108,2025-12-14,07:38,17.3,88.5,62.4,4.5,17.1,10435,16.4,335,105745
Century City,94691,Very High,75,20,1.16,4.28,63,15327,2523,5,83,18,344858,32,25,150,7,11,30,450,143171,5,9192,2025-03-28,13:21,10.2,77.8,53.9,3.8,20.3,5998,14.2,293,100081
Elysian Valley,97415,High,92,38,0.21,1.58,37,18437,1833,33,59,10,779073,6,22,139,7,6,13,332,193404,21,5432,2025-10-27,04:30,9.7,109.3,58.4,4,8.5,1162,8,354,976215
Century City,90905,Very High,46,57,1.82,2.44,28,9249,3228,42,12,7,290812,21,46,131,10,1,67,298,171242,22,9744,2025-01-25,05:05,12.5,90.3,49.5,9.9,15.1,2974,15.5,349,266204
Century City,98399,Moderate,46,24,2.49,2.36,20,15827,3770,8,12,5,707217,12,59,182,5,6,18,253,103709,5,9319,2025-06-01,07:00,21.5,71.9,51.5,0.9,13,9461,23.8,186,986297
Central City,96372,High,75,54,0.51,4.75,79,15182,749,54,69,17,612241,14,73,195,5,14,34,12,28561,33,6242,2025-05-31,09:14,26.4,65.1,61,8.7,7.9,18015,6.8,185,451415
Atwater Village,92729,Moderate,42,31,2.11,1.3,13,2436,1378,24,23,10,302697,7,24,30,8,9,12,335,182147,19,3419,2025-03-01,10:27,24.8,67.6,25,6,12.4,18289,7,168,650541
Central City,91424,High,73,84,1.89,4.86,14,14050,4619,52,74,16,713970,24,74,101,7,5,30,81,116511,14,9626,2025-03-04,12:22,13.4,72.3,39.4,4.7,6.4,3014,13.9,150,348335
El Sereno,93118,Moderate,58,30,1.77,0.55,55,366,4967,23,47,8,713029,39,40,98,2,3,42,336,161443,0,504,2025-06-06,03:13,33.6,68,23.3,7.4,5.5,10833,28.5,94,846643
Crestwood Hills,96815,Moderate,83,62,2.35,1.61,58,17173,904,18,82,16,139529,47,27,233,5,10,42,293,153735,50,5825,2025-04-29,21:35,27.1,69.3,69.3,5.1,7.7,8896,21.7,136,161086
Crestwood Hills,96301,Very High,70,44,0.71,4.76,44,5614,1996,52,17,16,527268,44,37,92,4,3,35,260,16938,31,7554,2025-10-01,21:36,21.6,74.3,66.6,8.8,24.3,1204,22,176,506285
Atwater Village,91888,High,81,67,1.27,2.88,15,2734,620,30,21,12,404284,45,70,220,0,11,69,74,78941,22,5136,2025-09-14,21:53,23.4,68.7,12.4,9.1,16,17965,14,166,464758
Crestwood Hills,91536,High,37,77,0.91,3.17,67,558,860,17,59,11,548457,15,68,59,1,15,29,419,37037,35,9108,2025-11-28,08:02,17.6,104.8,52.3,4.5,24.3,10032,19.8,191,474528
Elysian Valley,90024,Very High,63,46,1.8,3.03,69,7371,3652,41,52,6,315308,28,29,110,4,0,22,106,195566,26,2360,2025-11-09,11:34,12.4,64,65.5,3.1,13.6,6347,5.3,129,488458
Century City,96175,Very High,49,52,2.17,0.69,49,11196,4963,16,21,15,494938,31,73,28,1,1,52,458,37842,34,4186,2025-08-19,00:14,15.7,86.2,20.8,6.1,11.2,3643,20.9,336,938403
El Sereno,98548,Moderate,46,74,2.11,1.37,51,13558,4359,53,74,13,585463,16,38,203,8,0,66,299,50515,6,9349,2025-08-18,11:14,27.7,80.5,44.1,9.2,15.1,9017,27.8,170,668071
Century City,95243,Moderate,77,81,0.99,4,23,15650,2683,24,24,1,250574,33,29,229,3,2,33,491,67503,39,2220,2025-10-26,20:53,5.4,109.1,64.9,2.5,13.8,19681,20.3,112,699969
Atwater Village,96893,High,45,54,1.99,0.93,49,15588,1029,14,40,6,487186,24,15,120,4,12,66,389,171144,25,8287,2025-12-14,18:51,8.5,65.6,12,6.4,7.1,18258,26.8,206,662181
Elysian Valley,93878,High,70,56,0.74,1.74,35,1053,763,52,52,18,459886,48,56,58,7,4,20,109,34590,1,7162,2025-12-20,22:09,6.4,79.9,51.8,6.5,17.8,6560,23.1,227,549797
Central City,98243,Very High,53,34,1.89,1.41,44,4157,3661,8,76,14,383684,36,75,130,3,7,54,289,183313,47,9364,2025-03-22,06:26,6.2,108.5,27.8,7.5,9.3,16892,8,141,208763
El Sereno,95333,High,62,26,0.16,1.35,24,13539,4266,53,50,7,176270,40,78,73,3,2,10,449,157416,22,5603,2025-09-08,09:21,30.7,103.3,65.5,1.7,17.4,15531,27.6,85,652248
Century City,97787,Very High,40,64,1.62,1.53,29,15612,371,55,55,12,359989,5,6,16,1,2,49,410,14862,19,2345,2025-03-13,20:39,26.1,100.9,68.3,7.3,18,18073,6.7,208,920820
Century City,94008,High,42,38,0.11,2.09,58,6571,1741,25,37,20,728507,35,9,82,0,12,55,331,57253,18,5262,2025-06-02,08:38,19.2,72.9,66.7,9.1,8,5000,18.3,215,72601
Elysian Valley,96536,Moderate,61,69,1.75,1.92,22,17113,91,53,88,12,782361,9,5,219,5,10,59,457,190117,49,116,2025-02-14,15:34,7.9,68.5,38.5,2.2,6.2,15289,8.6,247,461236
Elysian Valley,94720,Moderate,80,72,0.92,3.5,23,2890,1578,14,23,17,126129,48,52,173,2,4,41,64,113545,22,4260,2025-11-03,18:38,19.7,93.4,61.7,2.8,20.6,18055,5.3,345,189227
Crestwood Hills,96248,High,43,50,0.98,3.25,75,6119,3243,35,21,8,81097,17,43,141,5,4,20,43,113991,19,1892,2025-01-10,21:36,19.2,106.5,60.7,9.7,14.2,8927,15.6,246,774479
El Sereno,99215,Moderate,87,36,0.92,4.81,19,5942,1139,36,57,2,872976,5,24,124,3,4,41,495,15638,20,7186,2025-05-15,02:49,10.2,87.8,29.1,2.2,6.2,16562,12.4,149,742137
Angel Gate,93327,Low,37.6,66.9,1.5,1.9,93.7,2710,4777,12.7,66.9,5,95277,11,44.8,21,6,1,39.8,387,165489,5,332,2025-04-15,14:00,24,79.2,24.6,9.4,20.1,6991,22.7,238,869253
Arroyo Seco,92219,High,59.5,31.2,2.5,2.2,74.1,1204,4457,23.1,19.7,1,142332,7,32.9,22,1,5,36.6,105,91982,42,361,2025-04-15,14:00,16.2,84.5,26.1,4.7,14.3,11531,14.4,240,504151
Balboa Island,91752,Moderate,45.1,36.5,2.6,2.2,43.4,7461,1463,5.3,62.2,6,254231,14,14.6,30,2,7,80.8,236,116133,89,795,2025-04-15,14:00,13.1,81.5,30.1,9.8,22.5,12064,14.2,221,591287
Belmont Shore,92218,High,66,77.1,1.3,1.9,60.2,4299,1431,20.6,57.6,1,42931,6,37.7,25,6,4,40.7,390,20751,33,1608,2025-04-15,14:00,12,97,55,5.4,9.1,12312,6.1,73,505738
Beverly Park,91788,Low,36.8,81,2.2,1,66.2,3954,2392,7.5,49,5,109116,29,42.1,28,2,1,49.5,307,56218,9,1738,2025-04-15,14:00,14.6,103.1,44.3,1.6,7.5,5780,13.7,58,350856
Cahuenga Pass,90872,Low,33.4,76.9,2.4,3.9,16.7,7363,1638,21,45.6,9,271671,7,45.2,65,3,9,32.7,494,136649,78,326,2025-04-15,14:00,32.1,86.6,69.2,7.8,10.7,5177,28.2,88,245623
Castle Heights,92370,Extreme,84.3,41.5,2.1,4.9,56.3,2014,3508,17.3,25.6,5,71913,20,28.7,45,4,14,72.9,107,17352,96,110,2025-04-15,14:00,7.3,99.5,34.9,6.9,15.6,16169,14.5,100,745532
Cudahy,92504,Low,27.1,68.5,0.9,1.9,70.3,7465,660,21.9,58.1,6,270216,6,38.2,68,5,5,41.8,412,98835,25,1392,2025-04-15,14:00,29.9,74.8,55.2,7.8,15.2,7476,25.8,121,345866
Culver Crest,90944,High,55.4,45.7,2.7,3.7,24.2,3172,1199,7,37.6,8,114776,28,32.5,7,9,11,51.1,172,107493,75,1963,2025-04-15,14:00,15.5,87.1,62.3,9.5,21.4,19988,26.1,294,847057
Eagle Park,91627,Very High,35.5,47.3,1.8,4,76.4,9298,2003,16.2,9.6,1,45991,14,43.6,49,4,2,30.3,237,38927,71,101,2025-04-15,14:00,20.6,77.3,50.7,7.9,13.1,3382,14.3,249,248237
Echo Lake,92838,Very High,22.7,25.4,1.2,4.4,59.6,506,274,15,25.3,2,205917,10,39.2,9,9,8,89,279,182166,51,1929,2025-04-15,14:00,28.8,80.7,34.7,6.3,14.7,17915,20.8,244,581147
Eucalyptus Hill,92661,Extreme,22.5,54.3,1.6,2.7,90.9,266,2256,19.1,65.8,9,124092,26,36.3,36,3,11,33.3,217,111948,88,202,2025-04-15,14:00,31.5,96.6,55.2,8.6,5.3,13508,7.4,306,685274
Franklin Hills,93227,High,32.3,24,0.6,2.2,13.6,608,2330,15.7,60.3,3,249577,15,22.5,1,8,13,71.7,469,195194,87,1822,2025-04-15,14:00,15.3,104.1,22.2,6.9,13.2,1634,7.6,93,806942
Garvanza,92937,High,80.7,34.9,0.8,2.3,32.6,1761,4387,15.8,68.8,6,206384,27,10.1,10,1,2,44.2,163,39493,39,1384,2025-04-15,14:00,18.9,66.1,29.7,4.4,18,12996,6.2,321,333983
Green Valley,90349,Low,39.8,74.1,2.4,3.9,61.1,3764,4260,13.6,45.8,5,257113,11,18.7,36,9,3,26.5,301,41707,72,1887,2025-04-15,14:00,17.4,91.7,42.8,8.9,5.3,15162,19.5,274,339360
Hermon,93523,High,86.5,25.5,0.5,4.3,35.2,3589,4020,11.2,21.1,2,115556,19,15.9,46,9,14,74,156,148368,73,593,2025-04-15,14:00,5.4,89.1,44.5,2.6,10.6,17386,15.7,91,889385
Inglewood Knolls,91677,Moderate,60.7,15.3,1.5,1.7,70.7,780,1597,14.6,15.6,7,176989,10,32.5,32,2,10,36.7,86,166470,5,616,2025-04-15,14:00,13.9,65.9,11.3,7.3,9.2,15005,18.7,361,527697
Jefferson Heights,91197,Low,50.6,15.2,1.8,2.5,74.5,2624,3954,7.4,17.1,4,148467,24,40.6,32,4,1,79.2,384,45842,72,1937,2025-04-15,14:00,18.8,70.6,66.7,8.9,5.8,9397,18,199,503809
Laurel Canyon,90010,Moderate,60.6,80.6,0.6,4.6,18.7,2220,3271,24.2,6.3,1,238800,13,20.7,6,8,11,83.2,141,23261,16,1462,2025-04-15,14:00,17.3,75.6,51.8,7.4,14.6,13327,13.8,298,99522
Lemon Grove,92788,Extreme,56.2,48,2.9,4.2,53.7,5360,1667,19.3,30.4,4,146155,26,57,48,7,2,78.8,67,86709,64,1621,2025-04-15,14:00,26.7,68.3,39.7,7.1,8.6,15394,21.9,296,280233
