Year,Location,Economic Damage (%),Air Quality Impact (%),Death Rate (%),Injured Rate (%),Vegetation Loss (%),Infrastructure Damage (%),Water Supply Impact (%),Wildlife Impact (%),Percentage of Elderly Residents (%),Estimated Recovery Time (days),Fire Severity Score
2010,Downtown LA,39.963209507789,96.05714451279329,3.793972738151323,5.190609389379256,15.141211628758374,13.579698618491145,4.207177262391579,26.11910822747312,17.022300234864176,267.20431356167524,47.136930882069116
2010,Hollywood,11.646759543664196,97.59278817295954,4.2459918836018975,2.486373774747933,16.81862286846154,15.08724804193886,13.561205232462434,16.2179365173349,13.638900372842315,127.56176196634404,36.20507038070855
2010,Beverly Hills,58.94823157779036,31.15950885216335,1.8146509184084816,3.564532903055842,34.64454897410734,48.18467787661575,9.58760372201767,15.912798713994736,16.848291377240848,45.56088826119924,37.606525011447744
2010,Santa Monica,58.603588152115066,33.64192989498332,0.7927321684337578,7.642198760773333,67.76608214984635,49.461854146405365,13.575323228588086,3.8324913061851325,18.684660530243136,177.45108540276644,40.23890413707432
2010,Pasadena,19.763058787582306,59.614152808901615,0.6547483450184828,7.365242814551475,21.8206988040011,41.438725639469006,13.845020891397617,16.081972614156513,15.934205586865593,91.92624260105156,29.754439695833906
2010,Venice,87.56677022116469,82.01062586888916,4.727745237038851,7.263791452993542,43.863498622720535,55.70308292627143,5.362715077972941,6.683503010155211,5.904545778210761,138.98566080569356,65.80737859558546
2010,Westwood,41.09418317515856,41.70792254191167,4.229318791183682,3.497273286855125,23.26074312967975,34.848284573703666,7.355120549040981,24.26371244186715,6.491012873595416,360.6071237611733,32.62816062560998
2010,Koreatown,71.77958154373259,35.89725452273379,0.5248495270562108,6.708229999183839,50.94572735009511,45.0953942422543,31.30827317406594,3.1472949002886206,12.169314570885453,68.81613494091846,45.00637300655464
2010,Inglewood,79.04827407004748,69.86385014620464,1.9890411118369213,1.4449084520021653,25.213850911518044,22.88508271147109,29.725034776846435,19.48916666930118,22.74425485152653,188.191999929253,55.32680630941375
2010,Long Beach,19.567539675064136,77.0595829778396,3.9235327187760385,4.9289403829864735,55.112866697046464,32.15875780004149,21.863847516515776,13.39868953239794,5.508382534881903,66.143628042757,36.19371929840818
2010,Malibu,12.51433485493874,70.91283290110243,1.91460191484347,4.559994838152919,63.99182080519605,18.71107260318812,17.59455107535393,22.91098301774841,9.57596330983245,55.78826979264565,31.062188158025066
2010,Brentwood,33.180116233101444,32.897702980320354,4.683639435541579,6.656842656950919,46.17124417317753,52.93033246032447,32.53953892216635,6.410531707695039,22.851179969799556,210.679651041743,29.230484428261036
2010,Bel Air,74.595212413125,91.68730399387945,1.9310156373733873,1.7703634716937373,19.815785565226207,28.490928374444096,33.08456110505474,25.96118691443396,5.1390426106238145,201.10034636348453,60.12974977130406
2010,Pacific Palisades,43.39288025190232,37.76862483765842,1.0393941530015727,3.363306199825396,66.28913075431375,22.77616126114154,21.71404362624791,21.38754980796016,12.27259204758588,355.54699771152184,33.581274188113916
2010,Topanga,86.99578359536889,40.14258366602913,2.7376182765157346,3.1061481687173877,23.514632134535393,7.028782104499304,25.16344469123608,15.577691673636982,6.029575024999787,123.34656551926483,48.952635894431346
2011,Downtown LA,82.6612708773323,39.16495125335779,1.152026924410504,4.426169321942941,69.06727951718905,18.313039933132522,27.541150801423385,23.08696884453281,9.752750879847994,273.952476784973,49.74082932409168
2011,Hollywood,39.422650617540256,70.58446644748636,3.3508836984240262,4.750422788523309,10.86883505353654,50.94163725740809,14.189642468925962,6.409036801595772,5.815502831095278,227.949135968061,40.845054445503976
2011,Beverly Hills,64.2051489473826,21.32702631422849,2.8044187623467645,2.585470426385566,46.93623137661424,14.59015359527453,28.255634047893707,12.215325042715584,23.73459977473469,76.06951628890775,35.69547564068925
2011,Santa Monica,37.285308084020684,29.077881699247126,4.661121282253532,7.1413754736668675,21.766205801485114,41.299122531879846,33.054443607646206,17.100823536384407,15.59301156712013,111.02051745165132,27.971003835642698
2011,Pasadena,17.44822142447194,91.77726063626613,4.551881257234987,5.4317102009128755,27.036936418165546,24.20652660369635,29.586315797069098,27.016197538624734,22.741728485302346,291.258307862304,38.072999057576496
2011,Venice,61.36253169234302,26.731197199603905,1.227329213425762,7.289879319689555,44.417888877873345,5.505837838914631,5.85591862890922,20.24155130413362,5.101231676924374,83.87069722486206,35.91227902596932
2011,Westwood,53.89870314932689,75.35161581541546,3.4338256677617025,2.5698851662239184,51.29164938758983,18.048699812324003,14.365188530052173,22.6482507484227,17.992657980944294,314.4898425155496,48.23235454774965
2011,Koreatown,62.60903138402747,65.46468826683773,0.9215364552264161,3.5740106214160345,22.238153899312152,18.419430385849594,38.97440108059293,12.399834015336051,22.840931103542268,241.43143970908307,47.16545295558464
2011,Inglewood,73.58490428333187,60.21096744841537,3.096067480818616,4.447623856732047,17.690794206872894,44.73486633938279,12.66934977275252,1.7051630265121613,17.909445918143355,89.33207760136139,51.37290410892521
2011,Long Beach,85.23668674823314,96.31428616020699,4.616889755992018,3.591110901788111,6.004680074376383,56.0575209423249,18.270997636057945,29.032989752266417,24.272399541785056,315.7581675815656,66.91287066396843
2011,Malibu,33.55591136556686,50.807818288154024,4.330115021825856,3.2184540360939438,16.01702853459601,35.62406943520926,37.57388141810968,21.184864103574217,16.4012234017873,62.55412541320746,32.00162183695519
2011,Brentwood,59.20057813593358,99.20430800834106,1.130378068564358,4.628307566546157,62.029249675317104,45.74227397648124,28.486598157820183,21.37203843562617,12.189823024395103,128.35326782860528,59.405968402976725
2011,Bel Air,74.74889243828109,84.80907157433447,4.401825433610467,7.392683867895299,38.23725592596096,32.58339620779598,32.335216800737456,19.848953992555188,19.03933754515407,296.59054426109384,60.06276198445119
2011,Pacific Palisades,81.2004273454053,47.03961254812286,2.190123286879748,1.657873578886083,42.588209164751305,6.976825058820815,19.692724689033486,16.736694406519725,10.730825042565687,227.9291422906186,49.45510610035418
2011,Topanga,12.440019995123954,22.987855099937153,4.201702522968462,3.52133448987884,13.258933322372512,33.72337930301424,31.25975501774721,7.2588097974084524,17.457809516380003,58.59140077291228,14.993783860584795
2012,Downtown LA,14.134537693488616,62.50837052545184,2.9328580472454795,5.462009310487446,52.195936691973,58.6718643704394,21.61941323544542,10.365737715296133,20.90372389537407,120.72880417279487,30.78920302392491
2012,Hollywood,45.11771365645089,26.276510507381275,0.6140783453695589,7.738538902745475,59.33870783329338,43.27858133515339,17.540211887742256,6.025535282054528,8.128740853421721,113.83137088513944,31.896164798028583
2012,Beverly Hills,53.938133176489636,77.16767381600499,3.4708881952297905,2.9595372786215997,67.0662432431076,45.58433041826727,23.065453995433227,18.739901640796216,13.392001248555799,112.98988148288775,51.001126645851244
2012,Santa Monica,38.47781429210093,80.62768883714952,0.5647706988339014,1.8125084835484135,7.990171731413929,7.240084127543358,34.50750219241827,21.406077922020685,14.483476581746505,62.774443818085494,40.578673079171324
2012,Pasadena,49.32927000934659,57.87774166244525,1.2794084145950684,4.036961544665811,30.902807735829274,38.871755392871904,26.133558732970464,2.313816283389291,12.492252292529425,239.66307176426918,41.11539565483336
2012,Venice,50.250900686407014,88.51918729506578,3.4641213422852526,2.140540989570008,9.58696858102794,40.33306030134736,3.0074298005816287,17.987491856930436,23.80460482849915,222.78384958841946,49.71258414038683
2012,Westwood,41.05359409652175,71.46305747538825,2.562138007211825,4.819317525211544,66.19521257047413,26.235645079042584,38.52524142530874,27.255168616725847,8.915822695785929,53.23603579318043,43.220043316943354
2012,Koreatown,18.062240110194132,21.45774605212398,0.9249933234016778,5.781047413914498,9.627262149914884,22.54365966615687,34.105261816839274,1.6748861363389502,21.289369651778717,124.42134954908897,15.94137002425005
2012,Inglewood,19.4531862097325,75.73897322913206,3.330242810509478,7.14230409468937,52.779617847252574,49.19145117116667,12.717313757709647,6.145746769611962,20.012295032817168,300.28963765453346,36.648774594073465
2012,Long Beach,89.24041136005387,53.00941415291412,2.1740813860675243,6.434890725193978,27.15223011644616,56.19165290819606,34.61968457003445,13.440826793875532,20.017421355829946,282.7718628183686,56.627080152254045
2012,Malibu,18.24990950687461,92.20423253436533,2.773635676015357,6.785202262754192,25.803224066989763,54.253777567291024,16.7896637918982,1.3142918929286524,23.107639528385274,60.58103672335474,39.91996743865043
2012,Brentwood,35.54509100723319,96.0049573640644,4.777732161219003,5.014065216863003,46.06941879103695,29.664503708807587,13.142009324526452,10.531271815727562,18.450369121540767,282.0454673616228,47.78539947491303
2012,Bel Air,73.32632349806788,83.16945142356431,0.9104274637191067,4.4609421329180705,8.741319401081878,35.22408852780545,18.778159052188325,26.743421299990693,12.018300251041573,69.21745050324796,57.01677218240453
2012,Pacific Palisades,21.43933456422687,80.92085053739778,3.281981284923175,1.7078587328595316,10.466942397474833,43.553302230251596,4.764994241839354,24.83394171942033,19.124844543129925,57.25184151503642,36.05198522007468
2012,Topanga,16.787017126815353,98.93116628009403,2.1842185809025416,3.5944950294682365,57.831971871737665,57.09867175611223,39.468040425269095,22.847967372509306,12.525191710618316,57.97274009405403,42.71856027718392
2013,Downtown LA,72.17175327419494,64.6723399788644,2.408999041611393,7.344480695663152,12.227836349899837,32.09438073599725,2.4314385011619244,14.591158617829661,6.126065513636747,69.8040019498041,51.4618621313596
2013,Hollywood,19.40209974216839,71.93682416928509,3.857201956694405,5.083581355680117,67.54121565084523,25.617881873803725,12.857059278710707,26.18937471749435,9.471916770389052,352.6795507126048,34.89392035512278
2013,Beverly Hills,10.972357975185307,97.59030613661112,0.6942196037775925,7.238001795886498,39.30057209060949,59.61306378656152,4.804269459945157,17.061774247638304,24.38605071238198,205.23777779699986,39.40493896488242
2013,Santa Monica,60.351891050821,75.65989511876937,2.5454347914549795,5.392906560588444,42.98043027500152,54.563690577004394,3.726962452975399,9.14793249817468,24.008229681531176,328.238367603457,52.50976513376385
2013,Pasadena,46.45254022285704,69.61060782412294,1.748215323415097,2.3168481180663294,35.14039632109884,24.434372541432904,24.17893225033314,3.25430447198456,24.48789615332333,360.380599400667,42.849443223654426
2013,Venice,65.85293712157961,62.88770930752963,1.892874273288475,6.696565137948641,49.507526216002155,13.943931663969021,36.61523301076601,24.8535800447719,23.99599826583848,273.1160353101006,49.239004476013
2013,Westwood,59.07321567486319,53.45944290324951,4.69727817509306,7.062447226502859,7.9392135569023115,6.45018359734886,16.305607941365885,24.506046592673155,24.74552258629889,80.38965851968194,41.56256153879229
2013,Koreatown,57.53045722817081,50.47126853048172,4.864614790165715,6.894832461949961,59.49136580622396,30.778123788723367,17.763141088831276,8.928805085990481,6.127509933018542,319.6819960454428,43.84298265537177
2013,Inglewood,75.03208073040621,99.97741386289044,4.984865766832574,4.888021939218392,54.984181986733184,56.96211514353354,34.28660084574164,8.173094950552732,14.01088270620187,73.26840407575082,66.59066007814806
2013,Long Beach,86.32408218069779,68.49397075607041,1.5288926247655823,5.701904790840997,45.178335629763225,24.69894949180623,6.315188503585903,20.47562267219119,15.406154018075867,288.72666123143915,59.29476809673937
2013,Malibu,51.61308008895947,88.1745200254832,2.9835807744851848,4.926565800747704,61.982484172792425,27.191557641681836,7.092578681124348,1.8346976130868302,20.10274511347238,237.80369970341067,52.34730479147576
2013,Brentwood,66.32638144793788,37.03713292071286,1.1136716401404638,1.1018126596751734,27.788191322428805,37.44547277700482,16.90527371378983,13.686772738688143,23.083173889874967,146.6655814528056,41.124924090342255
2013,Bel Air,51.119159132784866,82.69224101929144,2.2844425204457157,5.3546069015951145,61.05364106853844,57.223634301170314,7.588792275303442,27.871041129683338,14.842325861590764,116.51187008015104,51.933104669590904
2013,Pacific Palisades,46.7308604990609,98.40260602283817,2.7167814229679133,3.3012612720125576,46.171055530587175,18.208009032800618,4.882806468129229,4.737511935408827,7.560916779155448,80.8874023266186,52.03388350414325
2013,Topanga,21.10617381195281,71.26997958425717,1.3184603797961518,3.4196709832670424,63.291246643890766,31.06789021445798,27.367194063799033,5.997276264847265,8.845780376173416,43.69098644927042,35.01523337928203
2014,Downtown LA,23.514805045773166,42.287227122556686,1.2965471792453607,1.6209177362993894,12.841331621539052,30.34283224179992,9.840681299420115,11.563825970394188,15.068345417097138,261.28226759083736,24.543044839797695
2014,Hollywood,13.144971187287915,83.95283191272341,3.3255517527090848,1.5723132236421034,61.78261056694052,55.647982029249725,4.320962474484823,9.029451796268908,21.124025595861227,280.6669962785255,36.80515417617682
2014,Beverly Hills,24.761681548510186,36.747945866936824,2.167124462561219,4.391660896337149,45.18656014946924,25.290250176337484,19.57631921305962,22.67665720587894,5.733664057811958,114.56637635524696,25.108775431665297
2014,Santa Monica,67.0679668707642,91.61654701497595,2.8025484895204977,4.7247943968572095,11.966180737085443,29.607680175290007,22.23945612529088,8.031644605407159,10.384864618987619,156.3901946400486,57.14357818705501
2014,Pasadena,11.60569582221811,45.76633324665426,1.4515160314844509,3.2924814652454026,12.784538568251328,53.97900044069422,24.55651323505385,20.6939672551902,20.783424772146766,196.9781366412342,22.184755003003787
2014,Venice,16.953623046993897,62.968523345483824,3.140785031093956,6.21807631929031,33.057870504929156,12.016916653756006,12.78348442035153,11.529386595560418,17.918344826632023,221.21073206408548,28.86163171541539
2014,Westwood,38.4877380718277,98.92121990343837,3.2259866871059923,2.660587542151961,11.615860720326243,13.407252655138262,11.346393678611308,5.659759824527114,8.731340481026116,125.50688151243878,46.9112742914616
2014,Koreatown,23.869887623580386,91.74123397011401,0.8610518554773899,4.671579726991783,31.675793754327998,59.03082392997335,6.257478282385989,12.537812372326508,24.38940866550738,319.94488717448337,42.15891928292834
2014,Inglewood,75.3657656759424,40.632226163595185,1.2689941432552962,5.680502539471017,65.40943929329308,35.62195911576614,23.721282199856194,9.119393716148242,20.389858663838737,92.65965576677033,48.0824937081811
2014,Long Beach,35.89433891233949,54.034915089313344,2.7842467040800476,2.696868126905562,12.46439360804823,38.584102334289796,12.96796102312972,17.855908421255755,8.087254305484047,191.18193412136387,33.66874637194526
2014,Malibu,52.60715460412687,24.145882945794153,2.0147192518726427,1.9409027385728197,9.119373080729904,59.44781278144699,14.249446109039473,24.486358929784412,10.092813095275277,258.3034119450163,32.11054821754238
2014,Brentwood,70.81822879117493,67.65109924862755,2.6220928484757127,3.8828863990308795,27.676437325294696,56.12410293363042,33.56353749593371,28.985780409328864,7.485944469710894,274.8406041932208,53.46314622875515
2014,Bel Air,85.06723654568303,34.498645293252814,0.7992332031504987,6.187844545030414,42.340752356694274,51.30058272170496,7.311350311799001,24.062752043936815,9.03254640095489,84.82474086001102,49.75726273498711
2014,Pacific Palisades,23.141263834479435,85.16597761851057,3.4933874931329005,4.661457973383835,28.32398146802766,53.24602974472096,16.912914082060144,24.681383744675735,13.782698171404368,156.27638385734406,39.70028392663405
2014,Topanga,47.01438285356851,44.110229933131365,3.86424221079313,4.519042730647354,20.093825184543125,54.47660153010126,16.587866412182034,16.76303297230567,23.12944221929094,239.11972863118734,36.60567195124308
2015,Downtown LA,19.351843256669127,95.18656988907802,3.3246862388213803,3.344339302599603,14.052684723120171,48.671385409866275,25.562764725283515,16.470371667313323,22.877851661019154,294.1800657602178,40.099814330182475
2015,Hollywood,22.133990378620094,44.93776542364386,1.618201129165096,6.207624048008739,7.1796082578256595,36.34393266792241,30.973430058146242,26.426203466090733,11.841634974318149,305.1211970651243,25.293685342545984
2015,Beverly Hills,18.850538956416578,87.71618333876145,1.073698980493921,3.781011033922571,56.824198775670986,13.245458504182558,10.711553018840377,21.945324483398924,19.400730730921488,244.7844570165746,37.84402444962939
2015,Santa Monica,65.515875557368,63.417955467807694,1.6330957650812874,3.4198719545274363,16.80385159209267,54.96478087334956,24.168888201112576,12.624691086145557,14.240116072882653,347.33991876995816,49.3254652585225
2015,Pasadena,22.268112249286418,66.89838656134378,2.7764990549800967,5.280179648042535,6.177161948354633,52.96681499192833,37.42049473437727,17.38886232408706,18.933016477537844,339.03729269439407,32.739627585434114
2015,Venice,66.57909074507188,32.20312343314091,3.0932976207506595,5.247005324679991,32.56849363465509,45.504432959359754,37.505946561222565,27.841486874296514,14.016787428082642,67.93474535665301,41.03024995221483
2015,Westwood,88.78729591698676,87.11184691567473,1.0609820654147009,7.445893178321606,61.54326353403834,33.53609314193397,24.468466558307313,12.571078412233778,6.095232776440627,142.2910759513768,67.25312779966937
2015,Koreatown,74.22827588784091,20.37056184036823,2.000746272610149,3.787180855136603,39.930714190964984,55.59205890270183,15.161147785906527,11.061642854990604,19.750024962194967,181.4930101980854,41.15741027470485
2015,Inglewood,27.968385835198557,56.195161290615474,1.1338565917090992,2.234708905543563,37.39390522806618,28.040899722750137,36.764144240587804,11.50942307438236,16.61176700556087,241.80853645304268,31.654499518530145
2015,Long Beach,11.047556527066691,73.08298976133685,1.3011618509138814,7.727492222286186,14.663077303952342,27.804326804986307,5.243287386988467,29.909353303532473,15.043900206624851,229.45398080221466,29.370155151994673
2015,Malibu,15.366118191074198,79.99683763193423,1.444575168930136,7.286380026084997,18.33407663133047,15.487824636501662,3.388887378227605,14.689941408189979,16.29682266525233,52.012394208498044,32.70968914890307
2015,Brentwood,72.04220933560084,56.26310677984221,2.8597562119741102,4.085339228567597,31.04959895689619,35.78021822195198,7.899129345367076,6.275915784362862,22.235712420270346,346.948679814767,49.73181617118958
2015,Bel Air,39.864745302380236,41.6595738514843,3.397997944575571,3.8611391976866747,6.650113117922416,13.58839285514047,29.206944696201106,20.10879431539439,5.54191985006967,104.36067424753806,30.181609289276757
2015,Pacific Palisades,28.485983727045713,73.75141948789827,0.5886974198946386,1.7287600738920168,56.99454554925731,14.819956412988349,26.80435209837124,7.907300650355069,6.988827855186903,111.46268398481712,37.34229018467872
2015,Topanga,67.78135454845273,88.45571744850287,4.235989390551462,3.7802847073291836,48.425533877092,16.274136247870153,13.139613749918503,26.993738737112473,5.26003847021472,58.6453578362468,57.68586796996812
2016,Downtown LA,26.630900411682184,22.122576309905575,1.316459457904088,5.081290926787846,32.39259578851237,54.09694410923362,33.06285534606076,10.912703199238404,10.18846866862585,157.1969567360344,22.253385091001046
2016,Hollywood,57.22359540118462,41.4450912658301,3.3086700853211033,3.865881565338683,40.883066755378714,28.98695910244242,13.189698862592872,28.505145901902544,20.272115883195216,76.9379138817616,39.53392199817991
2016,Beverly Hills,79.47743807183302,58.99449585996109,4.525485021023411,6.598986791631207,32.638877790500175,6.235811957606456,12.209739656627951,16.70739222516514,17.669564396522944,116.39237462012277,52.54550565539233
2016,Santa Monica,21.14848592582593,86.79441894394392,4.929809813165985,4.679831276118801,16.15915358013973,19.97690295856529,2.698845708803736,27.51466539025447,7.355021657802823,223.13301929727493,37.26548698937728
2016,Pasadena,31.92441765497648,64.33424020126347,3.431391747583389,6.8081926259504115,18.41738266443921,5.604770576216426,7.201653942614676,27.100540613595047,22.477801551250305,230.13338922705327,34.295105221755804
2016,Venice,58.04134883469227,73.20293396370045,1.2891707538055233,7.400883621474718,32.220084117984754,26.07261905372236,21.718872800747825,2.362013036476596,8.325667375121588,277.2412615028341,48.96106031910042
2016,Westwood,16.623893434010117,68.25216875731105,1.6040709935659443,3.725069298293836,23.76509289009549,24.5619994055722,29.323744397001327,9.616529753072076,16.328092805937942,189.4768847366984,30.074476644766722
2016,Koreatown,63.09369322901185,94.94637914598064,3.796574437446126,2.5045826501352972,7.026903778983504,19.424522436490378,24.612961366609685,2.49134859104326,14.927324944024727,229.94235438715788,55.674078054930774
2016,Inglewood,36.73951126535687,81.67297629966575,0.9796921391019731,1.5259644721506613,52.332269153234215,32.252022391340915,28.15929106425397,13.60999281950864,9.928040664782136,304.3992764208569,43.677477634396496
2016,Long Beach,73.95327031751833,75.57571766835414,1.724653117534832,5.13161466808361,28.463303301101742,10.037014032964878,36.857915867565225,4.967740296649881,24.00474707641605,179.41193394091516,54.86466607277875
2016,Malibu,24.810634307089572,63.35207579026865,4.428256261443837,6.125574204866928,57.426474610994234,41.233085169089456,28.306509451678394,25.62667389539426,9.99336017718372,193.95736282045206,34.918237495551686
2016,Brentwood,27.696755345568178,99.01344063973175,4.74826702858976,1.2759876795795413,50.86238621351975,55.88865745786162,8.861863114838673,17.470411686026253,23.309765951760838,41.37190282624261,46.7227119845328
2016,Bel Air,65.7936213797472,43.78792058980406,4.6597828791943865,7.797407716157574,66.37732179237321,31.08178191616051,34.75762073759391,25.491932557517043,11.382009464865114,307.6866838404769,45.57249897380198
2016,Pacific Palisades,12.96061077723941,67.70159027856424,1.5350397677946637,1.8439682004409517,10.001958105898595,43.29588267329768,14.915248623186514,22.018236374334084,6.307126815978847,135.62226317325445,28.49751423024841
2016,Topanga,53.15930339002698,83.25785318711709,1.9343862631943147,5.381239635059064,62.58855363535216,38.872475350026754,10.852460040638084,1.7076226651396027,22.401977478018598,37.12525263487969,52.0456913512402
2017,Downtown LA,79.97613381473596,62.31497072217696,4.725804643308033,6.591482650415657,69.86571718466693,24.28914984984406,31.153154979382823,12.655996494668022,14.597512406078177,240.21433017815397,56.52441682364539
2017,Hollywood,79.8941691349071,98.72667753594361,3.957230362390332,3.924367475171336,32.38820514800956,45.56702658738903,11.07353153919549,4.203749280810445,12.09244315281553,126.22506220411738,66.26159228527203
2017,Beverly Hills,33.7046496364792,38.688620083992795,0.6894193533636285,1.1251175431338967,69.20195533284205,28.527522355472428,16.604412592067902,20.709771198099027,9.365077757301282,348.23699662332547,30.156373453854997
2017,Santa Monica,72.90760115324417,27.15288018498076,2.379113491032178,7.153828152935153,66.40758144894167,30.707083118742837,25.309632790006894,5.843984436670182,24.823372522739533,107.61001996345354,43.11793190957285
2017,Pasadena,85.41854193081005,71.97173191938947,3.234815576954866,4.58881957711556,19.993537761654316,14.709041760302954,10.378475944666663,6.406709602183381,20.591689471335066,147.29196182085457,58.276428839645774
2017,Venice,14.62741412507171,97.52821041126491,4.477036482335416,7.494265982366491,69.66900847201829,14.564238707071802,17.057196718301032,22.98891579541865,18.920412361075844,81.55512862385145,40.51822137883285
2017,Westwood,75.26664999924942,37.95524574693285,1.5071792667018038,4.758820960253895,43.541095764710704,36.904741431079614,5.476499821114685,26.44636501628103,10.31200085177412,73.3874986297394,46.14212560626471
2017,Koreatown,81.09984638951818,96.45211985838027,4.379574277694528,6.666612523074146,47.59072874153641,35.29715538350266,5.305496876633585,12.845143179050263,12.45377034024628,117.01751755970928,66.62458739965018
2017,Inglewood,67.87360909508679,59.67005880630167,0.8647079715844157,2.5412824136486796,49.411819637873734,9.187197271966511,34.34586273385321,15.359249283405255,14.61173154653296,228.4566078609384,48.32101116394053
2017,Long Beach,75.97447727401193,47.824736632175444,3.551072686515786,4.960123747970537,22.356837561012387,53.32464924953369,32.30218882106327,20.09510320509434,22.011634581884838,320.5435573215338,49.37240588323334
2017,Malibu,66.66903813720279,86.96106626909376,3.6386215775117763,5.7609854023221025,45.20973958398698,46.39941517567027,8.026994001136801,26.545252016768924,22.43687055490464,39.797839816577316,58.2763535715755
2017,Brentwood,76.06534004518102,30.309589397875616,2.0080348441661386,6.204557794041254,15.449393243140033,49.98818632654842,33.6210987623942,15.71656427906425,5.127717434336672,126.15777461359578,43.61215107974025
2017,Bel Air,59.35415347005937,98.49489424219388,3.343160871575008,2.8186250674491187,46.21037070147474,34.69919588437205,31.634125015743457,4.102438525981794,20.22055805004056,211.32430385649695,57.951786583876675
2017,Pacific Palisades,87.03936030871957,47.34977328309489,3.3467985191027667,7.524196738570122,11.663132319394151,56.547566798004816,28.139657447430906,2.967274714049985,11.019271338936324,267.23764969616934,53.518310590053524
2017,Topanga,15.388048117501736,66.57363681410186,2.0564737562883053,5.34640862437234,7.973232197813335,52.9345243383807,38.99258082874108,29.097457803285053,19.993036634858495,73.57889044376171,29.912986356107016
2018,Downtown LA,70.6610556743218,21.96695331670412,0.5995559818804876,3.265271534046789,36.761807376303274,47.37240797942863,27.965224311047198,13.931178484925702,10.472533325633318,364.0367075528332,39.44770178411928
2018,Hollywood,44.094504178877834,56.11096194637404,1.2363071953625113,6.563666841249505,50.08934467579676,17.14232870338182,5.130479733402023,20.73447976016668,18.090224285622703,121.54194154440012,38.61267132808347
2018,Beverly Hills,86.06908498003283,32.08463134247202,2.4455066046917087,7.605311441173193,32.28227560019795,40.118927121524706,17.108587122586183,8.952240868111431,24.679552959196563,167.12689211553942,48.67816533542736
2018,Santa Monica,81.52793629433076,38.39636847128689,1.4589711681128748,1.2179385801915794,47.35834364943253,25.268948904806862,34.84561349390621,14.723087294055158,24.363868558294435,92.1510477605456,48.02914066166079
2018,Pasadena,79.48985343644887,82.12774822333934,3.969148300898234,6.913482596818214,54.46655941129493,39.442117689727844,6.987305351930727,1.9432592052463056,23.416956956313737,236.57785536444723,62.21796278640414
2018,Venice,73.7229832780941,58.52178812100401,1.0278868503307752,1.8763005454178532,49.561743669883136,28.66682421947045,9.619939614612795,15.256241855501669,6.284178741502682,224.9604196413236,51.24757688158138
2018,Westwood,31.519472354807814,83.80472805097506,1.896628815156082,4.186541043572609,5.755335094026542,8.984578828700737,16.914755143454023,14.918226206796582,17.000410962386074,127.70696386761658,39.094520039224875
2018,Koreatown,65.5985508901234,88.80979177513636,4.009329450020074,1.2773317774385,36.23295157175888,10.771159812999617,11.197710602776043,29.61321520474725,7.849910858030265,197.12753140620427,55.76122958057406
2018,Inglewood,59.452458745449526,76.19719764352831,3.0184190756911136,1.0683959319342855,26.219985035859473,33.47414038615913,5.338926967503667,11.168181005066241,5.664062175827331,56.323796546931945,50.03353056310177
2018,Long Beach,41.75386209612768,30.617260323444828,3.0539338171770116,5.82625478396086,57.038135442090386,16.008263433464556,8.36433812584465,4.032467369697607,17.728604990872732,266.66936837311187,30.427061739376054
2018,Malibu,12.526891586051363,94.89697969949519,0.7338707764316259,4.789074347107493,51.088933764309566,52.903301806034705,29.135303421032255,24.25011440902396,11.78900385085612,302.9664131050816,39.231756835140224
2018,Brentwood,16.409187710774013,91.58533248484221,2.964165692691813,6.721084389737456,34.40068849368951,40.39677323580887,22.003301115572302,22.216096130904624,6.632599640611792,50.21794813683887,38.74767292448012
2018,Bel Air,29.768258720811716,32.76357440905507,4.423026049664907,2.5344979115063104,68.43124162824353,23.529268547410876,8.920480796170573,23.901256707131896,18.17415551001752,196.89556501180155,27.030153715941047
2018,Pacific Palisades,54.4290840750105,77.53614226178111,1.5280463359908443,7.974337412397194,68.3615555395409,40.76791274908153,9.582613135307515,20.726619030507447,6.443968179583517,40.26858823894503,51.439188097808454
2018,Topanga,30.614631080897095,57.009836539145304,4.407226274337712,6.090183488364156,53.275923877998764,28.402133394644146,15.14552971678459,11.760124126553478,24.752991274721158,43.43657912318163,34.48244723400476
2019,Downtown LA,79.36251968979589,66.29403268579148,2.4737693863531574,6.076803622905955,36.633481192605686,53.03827809449133,36.22667083242782,13.229906879330207,10.536555944701032,228.43736007877635,56.971862946936554
2019,Hollywood,82.98906764933528,36.85297512045332,3.3033496260356725,5.420921540647644,52.652346456993264,12.236222681999289,29.201348657919365,27.361943099303588,8.59366217740484,109.57701384949901,48.36837516948806
2019,Beverly Hills,87.71160752333117,34.47815621675918,4.344732920163106,4.4459449951362435,21.07001983620651,52.891244569988125,18.92159969010129,15.929703263961015,12.184667387995313,228.63853523070068,50.00522088619989
2019,Santa Monica,23.08190980680182,51.286522932140855,4.862355450508794,2.806934028907893,47.68788319518399,22.88545353235822,31.391978776090824,4.795336160832145,24.396420901570895,182.01949636351915,28.914316586681764
2019,Pasadena,28.884037067717117,25.87973978640101,1.2639105728939333,4.638417639892124,26.905206468033608,50.588585123543524,18.373725899148624,8.212713905041268,17.342899732080603,266.77036765662433,23.782459163864612
2019,Venice,23.363352632075987,33.40953730306541,0.6650214212009433,6.154814105459484,48.14729429541733,31.104698166239764,34.07847706082949,24.36443443555154,16.707087287935042,320.87087897194164,24.01278541949892
2019,Westwood,26.467296802941462,28.95356955181823,1.7138732518264532,1.3996079926252039,39.52601932006708,56.51331307622288,3.4950545454033666,4.541187506290777,14.043980565668706,342.8481308718481,24.38630433098172
2019,Koreatown,35.29248839814004,60.57878469507139,0.6870778657267644,2.038402406734622,69.13095799232505,58.0815283039825,2.1877192755075656,28.60254177727393,17.78239875631001,320.7526286642074,38.92380310983895
2019,Inglewood,46.379188450708725,61.24768228634002,2.699809611156141,5.668049802822731,14.077331559160339,6.6485474429972875,13.701337780465256,21.435742119362754,9.037069042458967,255.5998651638473,38.79905995769127
2019,Long Beach,87.59296368858163,27.512057263153473,3.526709532013068,4.106251535131998,61.429246534537846,14.743238419606225,28.319786184594253,25.305343399795195,23.892284389480466,258.8880894770314,47.862723008800415
2019,Malibu,49.773981120674186,69.42777921609711,4.410072430154232,4.994268226471808,6.975158880294396,56.202178252883776,28.202016539199324,20.61888818754015,9.313503047954343,250.72663252794015,44.83722713542032
2019,Brentwood,41.50915245233268,72.09863816331936,0.9796686363859582,5.604917132221252,69.96189217509333,7.6516621373305815,39.13261900041006,12.800330860963248,22.415069006745185,292.0991371595216,42.7723887224108
2019,Bel Air,55.36130087893342,79.07593674010613,4.4533200258560655,3.828982251557231,26.257155501610516,41.71763620599716,32.69814579376782,23.106268908521855,20.956272977172688,175.92041046233254,50.09427118672692
2019,Pacific Palisades,75.42673729400173,29.616724429648677,2.950200940823823,1.0403106234868509,26.09807894351757,25.155384417926882,17.054562281151703,21.168548994006002,12.771162025406914,180.31236357854777,42.01743657099858
2019,Topanga,29.0035304699462,49.860143330347206,1.5227133226841816,1.5123714663791055,44.224158569789566,41.75170392052589,25.54063314836535,14.441327270216599,12.595715603584596,319.21677260656145,31.161756790504747
2020,Downtown LA,51.526542810897446,58.33455021037848,0.6153892961289607,3.3887347933830947,29.71271522108071,26.935252949329527,24.046550030638628,16.474473855079474,17.158101855868892,286.23589261661294,41.343793004944246
2020,Hollywood,75.03885909728749,77.44984609811955,4.799856631797206,1.1276280787345314,17.7255690694305,5.415958123797816,26.604039137874913,27.04288591954962,9.869645931525985,340.55657250676273,55.000322299065445
2020,Beverly Hills,14.821391223164868,94.75488214444114,2.082302092578355,1.7099457991445157,36.581664347111165,19.122711224627935,12.825170274553068,9.91140898286231,21.060517956653268,210.61902768621025,37.51946470035753
2020,Santa Monica,34.90461593248029,68.82670266487347,3.722678034004371,2.9083680051347365,31.88069159914785,11.703735133532115,8.883675282317853,20.7524177649845,8.628766953912539,205.92973352846516,37.45218311300207
2020,Pasadena,66.72370093779462,28.55015384757951,3.052904988330066,2.795939485909546,67.59024689044269,31.59501056959586,32.627716891456004,16.95656972253159,5.868250657096383,242.1057108239975,40.7986738498176
2020,Venice,86.11226737653256,68.1289456117065,4.186349867420556,7.189445243438855,19.825185176680613,16.662466194952465,25.217277576337686,12.919825624394436,21.797226057334406,331.50774633833373,57.84555271379256
2020,Westwood,38.27371034421745,38.94964471795856,4.012364818597378,2.923642248836953,58.469930703389096,28.305603950681956,27.366896173075876,3.7705241012053774,17.477186493531462,181.34217237697175,32.02675499252153
2020,Koreatown,56.92867705403793,33.441136619589074,3.8159318522488195,7.0395795428026,19.08808700590042,10.264300553608894,2.898266269760783,19.617173512854713,17.141880721775614,213.14363325921346,35.356982324972506
2020,Inglewood,28.555767689278035,51.27247967244117,3.175143508337779,4.477368012014185,69.20605881396767,12.504186390620323,28.415493053808564,12.725244275024473,13.563992298512295,270.39525149548905,31.654814389708164
2020,Long Beach,65.39489210594957,99.30047949617506,1.0777743025435635,1.7287675456891645,52.08202311336817,36.8112804353525,12.418105329272622,3.3031617006806115,6.713164991928611,329.55394301247964,60.673420053491654
2020,Malibu,25.34938597749943,45.86972496924166,1.519953810021446,3.484974140823561,9.51254977849607,33.54828849995487,4.569277416504166,24.210338726848484,9.67424163820866,210.90399139251105,26.554206590779316
2020,Brentwood,80.40632700491666,72.07018952377553,2.898310039481009,3.270336271807629,26.645124348782865,41.821782535900454,39.77729572640437,20.19333650563198,16.1556683474005,274.76792093014745,57.82379763446235
2020,Bel Air,47.21644898269745,24.811387408062817,3.0303356714505942,7.703376991537661,16.394691253247878,42.95026899513662,9.635480169044147,16.539002849719356,6.933528992934392,180.874263646492,30.37061509421588
2020,Pacific Palisades,70.49306631161969,47.80572193911857,3.492102760192481,6.568149725528104,65.26655826616442,17.905314502049947,17.174004800753707,5.420064386582106,24.849670043167503,340.54532425463896,47.70356199336622
2020,Topanga,53.196570422444765,87.3626635501137,2.8443108977241898,5.365099816019318,10.79308808754108,46.539873127324434,6.853112378138923,24.955961277323322,20.640561753407717,267.4294737438971,51.17501636612964
2021,Downtown LA,12.89283044198097,44.250268475626285,1.684006564598793,3.5209548523006338,10.696778539649506,56.532680266708454,23.044485147070297,9.860205009082684,12.939630341485667,179.81285106911994,22.31418180148811
2021,Hollywood,58.047546668849385,61.25435421571982,4.637263879464878,4.478744380340812,69.49027096351533,51.82837267598027,9.92339954557876,27.98726122467357,7.327327957709522,303.8456523445492,48.57285794021106
2021,Beverly Hills,40.4498634781264,90.23794563560556,4.406255105483527,6.641477800823348,56.35197835995899,21.757352650392242,5.074932755947582,12.686425184189682,8.470490299730173,262.80861478232464,48.261568923080475
2021,Santa Monica,37.687978123022845,98.04881606879319,3.384374348053994,6.7573639454405265,13.614103728220147,52.41079652499424,37.06477323950899,15.124795645749142,17.12505875501955,286.2112833025035,48.80525491185727
2021,Pasadena,23.987090180833004,60.205286117075396,2.293983624975409,2.024617945135744,28.889737448949543,8.749477016202146,2.980852464080505,4.91982238548986,24.262302231783476,214.0923945248307,29.97024278772452
2021,Venice,87.2657728922576,54.59983026641056,1.903172598883668,4.542993039881709,33.56825976113916,10.811557634395914,26.351399958227837,7.265107292778389,17.39175909795659,247.81736595338137,54.1498656704795
2021,Westwood,22.16198825029185,24.907970168853453,4.013427137307979,4.218602966385241,8.780646707855926,59.717647444337196,4.195661317861932,21.156021636898043,24.67357850526827,110.12533491233508,20.585304068751753
2021,Koreatown,21.379949494975694,29.71079515379431,1.86473816405418,1.7073206770745268,49.99048721011857,8.426048897153448,21.358040869692008,29.904208761736328,21.279405390120377,236.09851180738863,20.743251033605045
2021,Inglewood,34.500289662928935,69.91166690333108,2.8716865876024324,3.9825836872326006,13.496174488112965,53.76323183822567,19.091816655210256,6.6440528428021866,12.355187017545791,168.73346709719056,38.82201327997134
2021,Long Beach,76.20303164534994,78.68915044491217,3.961872021386029,1.0772188510005305,32.0500098816845,31.4739283399428,2.729306519276154,8.534583053605992,20.2057964624427,75.93175141921469,57.768063789933656
2021,Malibu,52.824810516207336,37.216149761379,0.5545434858975198,2.6884102031967902,68.4317940691535,49.08454115356443,38.46391248419927,15.147767273864511,7.1947239735500705,213.56642880618713,38.494881264941974
2021,Brentwood,46.350186764796874,87.54856661916928,0.9413716135291006,4.417687959152447,14.753163205108976,22.857175978953297,30.019568940736388,14.804525751694229,12.517765702915387,162.14955332096184,47.22106760814081
2021,Bel Air,46.75574147247893,82.80132350696455,4.514381100231055,7.687342805527498,56.14872010659418,22.3473792661407,28.1491188312886,13.690490597606367,10.093412440921023,311.69197910768406,48.68767100029354
2021,Pacific Palisades,13.074107916986,92.14095937083388,2.5766485908113035,5.460410337657963,47.858004943375875,54.2314757388595,26.19344792235388,18.80407395804179,6.333040811213799,203.66668735164336,38.78011090500326
2021,Topanga,22.01352006536333,78.99470149771885,2.804998643657035,5.761594454458473,7.708738539154977,9.663560882519178,29.220288746381925,3.090445743961528,6.425134555305172,34.056339203687294,34.229092756356245
2022,Downtown LA,86.5201118639584,79.00066875672056,2.089631338259289,3.0757490690135865,27.73070993348022,47.605944214965,27.132083220675746,6.37067146815657,8.482186706681688,62.9625426539881,62.59161612074909
2022,Hollywood,62.82421757610705,81.14981297773888,1.692708927462518,1.1466147272163898,10.341158385967777,58.23230191647668,13.22690154414197,23.307471287305876,17.493271377085275,157.94977928372015,53.1872363043546
2022,Beverly Hills,26.45498097564441,29.710913452752514,3.2675583561749,6.422436464464516,46.853776480173494,34.16661732870371,3.594146490402178,29.08617455023713,20.97428383309149,128.0953822948232,24.515285598591323
2022,Santa Monica,88.39762634870806,68.15052717090578,3.120901961932609,6.2365122560067245,57.76503622585894,41.10632340323264,6.867638361915601,10.809757673840453,23.561672806520995,105.2462299676904,61.683518094003475
2022,Pasadena,39.77336190700107,54.56615063553568,2.477322453625035,5.290577077461679,66.299929453406,18.238099150787775,6.617052299434887,6.726644205938182,22.73849800418539,246.34662223949402,37.2828813367795
2022,Venice,32.87254313913281,85.27575511748938,4.376164983635462,6.925600370831946,64.73022468657103,18.873256109534886,30.691593292358576,14.35564542095006,21.83997105780123,274.04437684914046,44.04209436615198
2022,Westwood,72.11579571997797,72.49294701448572,1.298429462613681,4.8151884322785685,69.00353306909304,56.55634365734154,3.6406019602864435,5.779629656153677,7.634575469091239,273.203269845074,57.48355801814787
2022,Koreatown,75.4228263885556,37.080909304853755,2.7763371182832306,6.8849211960784,52.63210040980629,34.82304630205165,24.43321223743337,15.742455860572118,10.950969026376411,219.2823676077704,46.632286513907424
2022,Inglewood,65.11082416400725,89.86583326886462,3.363311092906616,6.327850759302106,15.404656272047244,30.385661093088444,2.3546015534295455,8.153687071127067,19.529234302260097,362.2563337020368,56.26271169973994
2022,Long Beach,17.934247966977274,52.11954526890306,4.1003193591462175,2.428249442402292,41.0805217046486,45.318921281632115,25.407447109886803,6.452717303847068,12.107691373714788,292.5702478026081,27.782391796930714
2022,Malibu,54.33812113056133,20.41836908343302,3.924458420126422,1.2471794845816735,53.472695877530086,16.136430809088058,38.40679224453645,11.67028178776045,11.538632326761583,79.87749686136897,31.858379302056157
2022,Brentwood,34.44833723921719,90.13206094625605,4.983504519322613,3.5781667135479385,34.15969101204527,44.71390160115054,35.67543965767283,18.19828569141674,12.830513963556587,168.22831668428896,45.61879993351054
2022,Bel Air,65.64945171974455,20.257461088342296,3.288152018569283,3.488451073089502,56.622826533010475,10.11448519027227,24.35168614403884,14.948213806697588,17.846510518104548,51.7259541517944,36.35154490973053
2022,Pacific Palisades,56.3987029942505,64.91876703676189,3.0229704248727693,5.224413666175184,48.970415919713545,49.27439498244234,12.253187364872145,24.9264328952218,14.965113645269073,55.81452351000094,47.77209026294137
2022,Topanga,14.684074339518336,46.73906549568486,4.032036397001604,5.95376654318641,56.25997270370642,33.44979810428852,18.72756192230864,5.276123274482234,11.56385507218623,175.39648766824823,25.379418218931338
2023,Downtown LA,17.08803437436938,37.6489562168969,3.1920138232868247,6.149641799674329,69.89258824054173,56.321233223895675,26.417477582337277,13.216193545528087,17.723547294164653,293.19329205687774,25.374757250334806
2023,Hollywood,19.466895273870986,52.79239117570306,4.279110285360277,3.686830663531308,42.171697629767124,37.3273148474209,9.010097619078294,11.504827807916364,11.690225774838643,38.77589735824171,28.39602018100787
2023,Beverly Hills,11.93534111130842,86.53576349406188,1.728818644877656,4.626551363671708,24.417162283270248,56.737358481343726,11.853276836899402,13.460047569429117,22.454605009692038,312.0477448752559,35.42812853182757
2023,Santa Monica,24.888113427702187,84.21146478365684,2.561840990320517,4.380782104597486,13.676198207036347,9.433083256641856,29.661693665003078,15.397373418303692,13.737014052303591,274.3852565985529,37.068411188853645
2023,Pasadena,71.24103191928879,32.71265341354828,3.246013172649386,1.9474785759437987,53.839380591887966,41.132533594692674,38.351355601171406,2.9997824743362145,6.141094423025086,124.53267002222205,43.578153675968345
2023,Venice,30.936454698872478,39.75830392575999,4.578145612344665,2.7468233989465425,22.676732198361016,46.76690443298801,19.09011401312052,23.524606151700254,6.307323151287704,193.33634988058375,28.50675178997356
2023,Westwood,12.68908801466261,25.01225627642836,4.578968540049849,1.9747175978231661,39.60734434788911,27.61025814303886,15.199046397836021,27.095167024930902,5.43646793550979,252.36954486882235,16.595560827127255
2023,Koreatown,87.07155473708403,64.81345467694736,4.715701079148913,1.3658051550021664,32.22156573982049,19.308678502912812,29.77119666926773,29.457615624420153,10.130601248884956,249.14849149381496,57.457321133469584
2023,Inglewood,25.84781062077921,65.22642036572879,2.587696190097513,7.804037307420759,44.55427272527032,24.222850464775032,6.335639825741469,5.3861580333131025,9.506338599024701,114.07383154899983,34.38507986728441
2023,Long Beach,78.04928462729103,64.89782306260199,2.855259101184649,1.8033821030845223,60.909080067713276,44.75478667646661,4.57139775220006,21.527217819663292,15.870764346852921,57.37799082517071,56.438118227332915
2023,Malibu,46.664051322292515,58.775702970403756,1.2459854307347409,7.619887029001976,60.248399146243024,41.79622855310096,19.567231318023072,12.941200705950747,18.019469343019082,212.71967625131333,42.28715005097901
2023,Brentwood,14.98184847055085,61.000211901626535,4.128816277547777,4.2146791431787065,8.377177541027446,48.24530096612182,9.651823721167027,8.500004211753124,8.294127068645917,140.62204673195168,27.95827642613841
2023,Bel Air,70.5401204550908,61.550868760314984,1.4219657336782066,7.144810547064286,62.1728205718494,52.88181337753038,11.074256032498493,14.085940981248655,24.699793122817503,288.6241795638468,53.290718135674055
2023,Pacific Palisades,12.173393698044785,25.216367300839366,2.5876911956554975,7.364541441030921,40.01561686692642,32.37968794188596,6.008000598351963,20.046623037004526,21.44206321200451,157.44070251503337,17.049256173578982
2023,Topanga,72.0489480740262,97.15813231206494,1.416949066074601,4.663307418363189,23.66396727549741,48.60699304686116,23.948547903483984,19.402890108958808,20.958283192317882,162.6501083419224,62.18859258779167
2024,Downtown LA,83.20720547256346,62.6423093796912,1.210796702759066,5.871293827181617,56.56198777848654,22.421892238713966,34.572811765952615,27.278154388207227,10.538089747556178,359.47969335959937,56.732978056786834
2024,Hollywood,21.256922243900675,36.1612534721992,1.3290117765711176,7.257927970055093,47.52901590112252,13.365735577225008,18.732289897997262,18.84364272702426,6.669281699787666,325.6094834164585,23.25457648780003
2024,Beverly Hills,74.28828283532282,60.41654188613106,4.852069768666267,3.924326854925698,68.96717073737236,41.73559993419949,26.117508383649774,5.812691963577765,22.63855516609288,173.20904545340608,54.253053895906234
2024,Santa Monica,22.978672462598347,21.00860159806072,3.0189005763727215,4.691797354858734,51.7579854539953,53.96419291597912,5.017450216435122,22.21339821987051,8.748238881951645,317.4893128076499,21.55122817607942
2024,Pasadena,75.52508110893248,63.26350039884355,3.696092593804902,3.200450792286239,35.62591343063295,50.19002937407594,19.452077492582127,11.376149694437812,14.884248945005998,307.46349956646816,54.16953404207061
2024,Venice,36.81664378966982,33.900927450859506,3.7040630914885133,6.781847488956573,11.541436104029668,18.193076201576957,7.394935610917768,11.090300935882832,14.007019578108252,280.85682288270766,27.43225242445062
2024,Westwood,62.09180679053393,69.67428539827449,2.0856872597434446,6.89013287159332,35.6336658808807,58.850771590833496,26.097401255238,4.661677505370579,18.52355124150868,138.90984516961916,51.360812222415305
2024,Koreatown,64.9061757348878,25.57129185299246,1.2869664672918173,6.990160812340505,19.766671206528468,51.037261888361705,12.612491361267596,19.643575391702523,18.88301147019662,201.73934230359274,38.0017672325606
2024,Inglewood,34.4248541357385,37.01155010968769,0.649352095530918,3.1276248086850664,47.455581384533396,56.60676501466655,35.10577032599598,23.215878519523773,20.768946865065974,252.7699426644584,30.454221697583304
2024,Long Beach,30.82294860528024,92.57560245646638,3.518295403576253,4.923084416863079,12.214315498876271,29.5880549093534,19.493614305673198,26.072344676157428,15.932964403755769,157.43418390508725,43.03611668150742
2024,Malibu,88.14402628085274,28.857647466105256,2.4014679274037505,1.294172726199837,53.09376784985047,55.49421037095328,12.641418522918599,25.891908627174505,10.844364609237955,335.1080041507116,49.71386772857322
2024,Brentwood,70.31695228774271,84.39254214731508,0.5810295002020452,7.739672499518182,52.233614484571014,21.761310246237333,33.51699726463619,9.164114754032969,22.455076791322558,67.71443078799891,57.976359995804046
2024,Bel Air,66.29487819686366,63.25587813159282,0.9344051158794837,2.693256797811873,5.806262358025461,30.782238100547822,13.448079908880015,18.352367044635006,10.944756154172344,130.47290235483987,47.686905932521114
2024,Pacific Palisades,69.45545589852827,23.851426878268278,4.563027478363942,6.96584712073827,48.407304409716424,37.62718635590613,35.907494929306786,6.374575206332719,6.579383243816572,110.23590691969527,40.39222242108315
2024,Topanga,73.56626229601522,22.773621338118666,3.1226307578757035,7.968062613339169,60.62024609944006,33.679512897397416,4.418354552892409,25.109831917185584,16.97957016354421,68.50255401495488,42.08264860680505
2025,Downtown LA,17.508582785868498,92.7701455549274,3.511401183221353,6.805007595217289,62.13362851834738,36.447479362657724,21.66296136669157,13.482394899308716,11.338931755822387,175.58964688766844,40.79517305271974
2025,Hollywood,71.91037245841251,68.15387448121052,4.516354804796808,4.103660100654314,44.460822616719014,39.72191542005938,24.48449216764037,21.376379419479974,9.748669367496126,201.64186547783987,54.2814497201122
2025,Beverly Hills,18.337984224667814,50.760906211585,2.69450180879569,5.565569816818307,66.78451841810323,38.035808660159574,30.256568814709272,15.68171572536088,17.682080627526627,53.7622924048141,28.630489069817163
2025,Santa Monica,30.35132646734776,48.948247456411096,2.626220097529311,1.3195412185166862,14.101566340965649,20.224786928521816,38.91824225423993,10.609063205988472,14.64082116224165,95.69273376736163,28.93589861894141
2025,Pasadena,58.862405686061464,42.45465724127794,1.4314666029729204,4.616008399121854,5.357876945427353,5.421521795707393,10.324614745870596,2.0649195125238133,7.160515082613827,143.5183175284818,37.42507688407418
2025,Venice,74.20685436638503,65.76389146954406,2.807004766803874,3.0544217624568515,65.56399176313306,26.83582726804554,5.309525138239317,18.894928967416238,7.276767869532028,145.64975283856685,54.61804279190224
2025,Westwood,50.592955097424706,89.93780197481406,2.720959611530534,5.91581136222165,69.53309453493958,12.23190159438899,12.439797969741742,12.442706192331746,13.436563570776627,167.69206021395783,52.170449535255756
2025,Koreatown,82.6088802045244,77.1226115573485,3.235573463408167,3.1656090250394744,58.54637497438416,57.52832813167439,33.205534736908604,1.0453880505527142,17.72802740366814,47.130352783103746,62.624188953162005
2025,Inglewood,30.60857762669775,24.761976027821735,3.217079538272245,5.806129394448248,12.441696474283834,26.111138567473873,19.336987340310596,11.702537631066582,7.420500009703861,170.34750971280425,22.50198650438556
2025,Long Beach,70.09424382467344,25.680613162660435,0.8608100633685656,3.4833990428518895,66.21217125523012,41.771495569760276,27.789458353557464,11.495679734298085,16.87321582417077,33.39394664929403,41.57548573053908
2025,Malibu,60.887683712763376,93.06295580609894,3.2565806075516863,7.115890154264415,52.0582486052961,11.630712902202964,36.29322567686199,2.926871486317472,15.679349450955275,77.61593647080832,56.49565537849159
2025,Brentwood,10.936528858472325,53.76274081021112,1.8276831844437031,4.402003456583222,42.5179926377458,7.405648976992104,6.674125214702334,17.200629497062334,11.863347063453165,274.2731183290651,23.622584531291853
2025,Bel Air,62.18333188735517,87.64834903919254,3.6162177200115138,4.009517541731037,48.74283045563811,20.145964584048016,13.639912953572082,23.880569637703005,13.928390328031643,297.45741407364807,55.37485074485839
2025,Pacific Palisades,75.79378989346228,88.6049870129027,4.624858561285433,4.016896543593074,25.726343190874026,37.02093106267626,16.10455209062985,18.431150837206754,19.111717252876492,260.61568119486583,60.900551284421084
2025,Topanga,39.96423096160971,33.34881613590022,2.437382023079934,1.9981590085733612,62.85630728694754,24.02326034058216,7.869470394486304,1.7379850372667756,17.916447725729686,243.362276347339,30.777869709955766
